"Ano, Anoon, Daano",Ada,-
Aata,Budak,-
"Abali,Aliling, Mule","Kembali, Balik, Pulang",-
"Abalimo, Alilingo","Sudah Balik, Sudah Kembali",-
"Mulekono, Bamulekono",Sudah Pulang,-
"Abalikene, Alilinggene, Mulekene","Kembalikan, Pulangkan",-
"Abalikenemo, Mulekenemo, Alilinggenemo","Pulangkan saja, Kembalikan Saja",-
Abin,Pangku,-
Inabin,Dipagku,-
Mangabin,Memangku,-
Tangabin,Terpangku,-
"Abese, Abos",Simpan,-
Abesemo,Simpan Saja,-
Abesekenemo,Simpankan Saja,-
Abesekene,Simpankan,-
Abos,Simpan,-
Inabos,Disimpan,-
Inaboson,Sudah Disimpan,-
"Mangabos, Baabos",Menyimpan,-
"Mangaboso, Baaboso",Sudah Menyimpan,-
Tangabos,Tersimpan,-
Abu,"Abu, Dapur",-
Abung,Daging dari jenis Siput kecil,-
Ade,"Dagu, Bawah",-
Ade-adeno,Merengek-rengek,-
Adi,Haji,-
Agaga,Kurang Sopan,-
Adu,"Urut, Pijat",-
Inadu,"Diururt, Dipijat",-
"A'I, Aki",Tidak,-
Ai,Kaki,-
Aino,Kakinya,-
Aino Sausasuno,Jarijari Kaki,-
Ai Pallapo,Telapak Kaki,-
Aimuyu,Kakimu,-
Ainggita,Kaki Kita,-
Ainggu,Kakiku,-
Ainila,Kaki Mereka,-
"Aison, Booli, Lamit",Buang,-
Inaison,Dibuang,-
Ait,Hitung,-
Inait,Dihitung,-
Mangait,Menghitung,-
Tangait,Terhitung,-
Ajaran,Kuda,-
Akabasale,Muliakan,-
Kabus,Habis,-
Akal,Akal,-
Kaan,Makan,-
"Akat, Tomok","Bakau, Mangrov",-
Akato,Akar,-
"Akimo, Kimo",Sudah Tidak,-
"Akio,Kio",Tidak Ada,-
Kabuso,Sudah Habis,-
"Akion, Kion",Belum,-
Akionan,Belum Lagi,-
"Ala, Pulut",Ambil,-
"Inala, Pinulut",Diambil,-
Inalamo,Sudah Diambil,-
"Alayo, Pulute",Ambillah,-
"Alayomo,Pulutemo",Ambil Saja,-
"Alakene, Pulutene",Ambilkan,-
"Alaase, Alaason","Pisahkan, Kecuali",-
Inalaason,Dipisahkan,-
Lapa,Selesai,-
Lapamo,Sudah Selesai,-
Alatambokon,Menjadi Buruh,-
Ali-ali,"Ragu-ragu, Segan",-
Aliling,Kembali,-
Mule,Pulang,-
"Alimou, Masala",Gerhana,-
"Alimbotu, Libulus, Libubus",Kabut,-
Alep,Lidah,-
Aloaloikene,Disindirkan,-
Aloi,"Lewat, Berlalu, Burung Elang",-
"Alos, Lui","Tali, Tali Hutan",-
Alu,Delapan,-
Alumbino,Jengger,-
Alus,Halus,-
Aluse,"Warisi, Puskakan",-
Am,Sedang,-
Amaat,Pahat,-
Ambala,"Abu, Debu",-
"Amo, Bamo","Sisa yang ada, Kecuali kalau",-
Amok,Kotoran Berupa Benda,-
"Ampal, Mangampal",Bekerja,-
Ampale,Mencarinya,-
"Ampakon, Taus","Berjalan, Pergi",-
Ampas,"Alas, Hampar",-
Ampir,Mengampiri,-
Ampit,Lipat,-
Anano,"Sisik, Sisiknya",-
Anam,Anyam,-
"Andan, Ande, Anget","Undag, Ajak, Panggil",-
Lago,Saudara dari Suami/Istri,-
Anggayo,"Percaya, Hargai",-
Anggol,Akar,-
"Ani, Kokulun","Lebah, Tawon",-
"Antang, Antoko",Antar,-
Antok,"Daging, Isi",-
Antong,Awan,-
Bunom,Mendung,-
Aok,Bambu,-
"Apon, Sool",Udang,-
Asaang,Nafas,-
"Asaan, Bilasan",Batu Asah,-
"Ase, Ande, Engel, Angat",Bujuk Ajak,-
"Asi, Kombung",Kebun,-
"Aso, Kalu","Jika, Kalau",-
Aso asokan,Desak Mendesak,-
Asobudoo,Kalau begitu,-
Asok,Kumpul,-
"Asu, Danggu",Anjing,-
At,Langkah,-
Ata,Budak,-
Atak,Karat,-
Atalau,Titip,-
Ate,"Usus, Hati, Jantug",-
Atean,"Dalam (Sungai, Laut)",-
Ateno,Hatinya,-
"Aul, Aung, Bilat, Poilat",Api,-
Ayok,Cium,-
Ayong,Arang,-
"Baaba, Tama","Bapak, Papa, Ayah",-
"Baabos, Mangabos",Menyimpan,-
Baabung,"Menimbun, Mengumpulkan",-
Baang,Jalan Kaki,-
"Baabu, Adu","Mengurut, Urut, Pijat",-
Baaliling,Bertamu,-
Baba,"Mulut, Bawah",-
Babano,Mulutnya,-
Babayo,Bawahlah,-
Babayomo,Bawah Saja,-
Babakene,Bawakan,-
Babang,Bawang,-
"Babangi, Bobongi","Harum, Wangi",-
"Babanal, Banal","Berselonjor, Duduk Berselonjor",-
"Babaabu Soodu, Baabuan","Pengantin Baru, Mempelai",-
"Babalat, Babarat",Berat,-
Babalato,Sudah Berat,-
Binabalat,Diberati,-
Babasal,Besar,-
Binabasal,Dibesarkan,-
Babasalo,Sudah Besar,-
Babibian,"Bergurau, Percintaan",-
Babingkat,Mengangkat,-
Babingkaton,"Menaruh, Letakkan",-
"Babisala, Basilingan,","Berbicara, Berkata",-
"Babo, Kombiang, Salipoot",Kamar Tidur,-
"Babok, Umpas","Pukul, Hantam, Tampar",-
"Babooan, Peepende",Dangkal,-
"Babose, Bose","Mendayung, Dayung",-
Babudul,Berbohong,-
Babuani,Menjala Ikan,-
Babuku,Kuat,-
Babukuan,Tempat Tulang,-
Babui,Babi,-
Babulaa,Sedang Buat Apa,-
Babusoi,"Mencuci, Membasuh",-
Bada,Bedak,-
"Badaang, daradak",Banyak,-
Badagai,Waspada,-
"Teemanggene, Bajagai",Berjaga jaga,-
Baduas,Ikan Layar,-
Badung,"Pacul, Pukul Sagu",-
Badunggal,"Celaka, Mati",-
Badunggalan,Tempat Celakaa atau waktu Kematian,-
"Bagalaal, Galal","Berbincang, Bincang",-
Bagau,Merajuk,-
Baginsaa,Bangsawan,-
Bai,Tapi,-
"Bajan, Dili","Tubuh, Badan",-
Bajene,Wuduh,-
Bakai Kokondong,Berdiri Berulang ulang,-
Bakalinga,Kanan,-
Bobo,Kiri,-
Bakakanggi,Berpegangan,-
"Bakeda, Bakeduk, Pote",Bersetubuh,-
Bakidung,Bernyanyi,-
Bakilakit,Minta Menumpang,-
Bakilakom,Terpendam Dihati,-
"Bakitulung, Bakimaasi, Mangkabi tulung",Minta Tolong,-
"Bakisosok, Bakoisok","Menyimpa, Bersiap, Merapikan",-
Bakokoa,"Bertudung, Tutup Kepala",-
"Bakoko, Bakko, Bolung","Parang, Golok",-
Bakokondong,Mendirikan,-
Bakulibang,Membuat Kopra,-
Baku,Ubi,-
Bakuda,Menumbuk,-
"Balalau, Ballau",Telanjang,-
Ballau bendang,Telanjang Bulat,-
"Balangkai, Balangkai",Lebih Baik,-
"Balangkai, Balangkai",Gelang,-
Balainsunsung,Berurutan,-
Balatindak,Main Langkah (Sejenis Pencak silat),-
Balayon,Tikar,-
Baleel,Berbanjar,-
Baledut,Bergeser Tempat dengan Pantat,-
Bali,Lawan,-
Balibang,Berpesta,-
Balik,"Berubah, Luntur",-
Balimang,Bekerja,-
Balipapak,Bergeletar,-
Balongka,"Montimun, Ketimun",-
Balu-balu,"Pasukan Perang, Tentara Kerajaan",-
Balu,"Janda, Duda yang ditinggal mati",-
"Baluk, Palele, Bangkit","Jual, Jaja",-
Mabalukon,Menjual,-
Binalukon,Dijual,-
Balun,Kain Kafan,-
Bameengan,Satu Kesatuan,-
Bameenggon,Bersama sama,-
"Bamo, Amo","Hanya, Sisa",-
Bambombonoi,Mencari Tali Hutan,-
Bana,Paha,-
Banang,Benang,-
Banda,Capek Otot,-
Bandaon,"Kecapean, Kelelahan",-
Bandabe,"Mencari, Memungut",-
Bandangas,Makan Buah Terlalu Berlebihan,-
Bandaingdulung,"Berhujan hujanan, Kehujanan",-
"Bande, Balan, Bolon, Balenede","Monyet, Kera",-
Bandoloi,Berpacaran,-
Bangail,"Jambang, Brewok",-
"Bangkak, Bobongan",Bengkak,-
"Bangkapi, Banggapi, Miyan",Orang,-
"Bangkulu, Bangkurung",Ulat Kaki Seribu,-
Bangun,Bangun,-
"Banggait, Banggaitan",Perhitungan,-
Banggamaina,Sampai Besok,-
BanggaMooloyo,Sampai Siang,-
"ManggaModoa, BanggaMonunuan",Sampai Pagi,-
Banggal,"Berhenti, Sudah",-
Banggalo,"Sudah Saja, Berhenti Saja",-
"Banggaal, Babanggaal","Puji Diri, Sombong",-
"Banggolinggong, Baumbanggon",Berbaring,-
Banika,"Kawin, Menikah",-
Banoa,"Sakit hati, Makan Hati, Patah Hati",-
Banjela,Jendela,-
"Bantala, Babantala, Pandoku, Poloon","Malas, Kurang nyaman",-
Bantang,Rentang,-
Bantanggene,Rentangkanlah,-
Bantil,Bilang,-
Bisala,Bicara,-
Silingan,Bahasa,-
Salita,Cerita,-
Bantilano,"Bicaranya, Perkataannya",-
Baontokii,"Berisi, Mengisi",-
Baobos,Berbagi,-
Bapeneus,Tukar Pakaian,-
Bapilogot,Kerasukan,-
"Basalean, Natal","Halaman Rumah, Depan Rumah",-
"Bawuloian, Moinsale",Bermusyawarah,-
Basamaya,Berhutang,-
"Basedu, Balegeleges","Bercanda, Bergurau",-
"Baseleon, Seeleon","Marantau, Rantau",-
Babasilingan,Bicara-bicara,-
Basindua,"Bercinta, Berpacaran",-
Basiok,Sarapan,-
"Basunsung, Sunsung","Menyendiri, Sendiri",-
Basusup,Merokok,-
"Batta, Sikala",Ubi Jalar,-
Bata,Belah,-
Bataken,Belahlah,-
Batakenemo,Belahkan Saja,-
Bata-bata,"Ragu-ragu, Segan",-
Batang,"Pohon, Batang",-
Batango,"Batangnya, Pohonnya",-
Batekon,"Naik, Melompat",-
Batetekon,Sakit Mata,-
Bateteba,Berpesan,-
Batong,Menabuh Gendang,-
Batotobo,Berkemas,-
Batu,Batu,-
"Bauntal, Balu","Janda, Duda",-
Bauntum,Menabung,-
Bawuba,"Badukung, Bagendong",-
Yinuba,"Didukung, Digendong",-
Monguba,"Mendukung, Menggendong",-
Bawililu,Memancing,-
Babaangi,Rakyat,-
Beau,Kemaluan,-
Beaum,Kemiri,-
Beaas,"Hambur, Pancar",-
Bineaas,"Dihambur, Dipencar",-
Tabeaas,Terhambur,-
Bebang,Biawak,-
Bebato,"Para Pejabat, Penguasa",-
Bebe,Marah-marah,-
Bebean,Selalu bicara Kasar,-
Bebek,Itik,-
Bebel,Bengkok kebawah,-
Bebelo,Pinggiran Teluk,-
Bebelak,Lebar,-
Bebalai,Luas,-
Bebelai,Ikan Pari,-
Bee,"Beri, Kasih",-
Belebuse,Curahlah,-
Beli-belian,Gembira,-
Mbesi-mbesi,Senang,-
Benelung,Menebal,-
Benga,Terbang,-
Benge,"Pundak, Bahu",-
Bengket,Berturut turut,-
Bontol,Putus,-
Betek,Belalang,-
Betekene,"Perintah, Suruh",-
Beu,Tak Mau,-
Bibiane,"Sindir, Gurau",-
Bibii,Senyum,-
Bibil,Pinggir,-
Biiti,Cubit,-
Bilat,Api,-
Bilit,"Pantat, Bawah",-
Bilita,"Kabar, Berita",-
Binanakon,"Sama, Serupa",-
Binanggakan,"Dipuji puji, Dieluk eluk",-
Binduk,"Bagi, Penggal Kecil",-
Binggi,Pinngir,-
Binsil,Pecahan,-
Boos,Pukul,-
Bose,Dayung,-
Bingkat,"Angkat, Pinjaman",-
Bingkatan,Landasan Perahu,-
Bingkakon,Letakkan,-
Bindana,Ular,-
Biok,Gerak,-
Biol,Pindah,-
Bisa,Boleh,-
Bisamo,Sudah Benar,-
Bisano,"Racunnya, Saktinya",-
Bisso,Anai-anai,-
Bitis,Betis,-
Bitu,"Kubur, Nisan",-
Bituon,Bulan,-
Bituon masala,Gerhana Bulan,-
Biyai,Puas,-
Biyaiyo,"Beri jalan, Berlalu",-
Boowan,"Bau, Busuk",-
Boonowan,Berbau Harum,-
Baalu,Baru,-
Bobo,Kiri,-
Mboyok,"Depan, Haluan",-
Tongkuluk,Belakang,-
Boboloki,Nenek-nenek,-
Bobokii,"Pukul, hantam",-
Bobolon,Gendang Besar/ Beduk,-
Beese,Hantamlah,-
Bobosul,Kenyang,-
Bobogil,"Harum, Wangi",-
Boloa,"Panu, Kurap",-
Boboi,Ikatan,-
Bobone,Kuat,-
Bobonua,Rumah-Rumah,-
bobonongko,Membungkuk,-
Boboool,Subur,-
Bobindukon,Jambu Air,-
Bobuluk,Jahat,-
Bobunteang,"Gendut, Buncit",-
Bobunsak,Lebat,-
Babuntongi,Gemuk,-
Bobuu,Bengkak,-
Boit,Angkat Kening,-
Boine,Perempuan,-
Bokawu,Pohon Beringin,-
Babasal,Besar,-
Bokum,Kental,-
Bokukum,Baju,-
Bokinde,Jagung,-
Bokiki,Kadas,-
Bokitul,Tumpul,-
Bokol,Ombak,-
Bolilii,"Ubah, Ganti",-
Bolikon,Bukan,-
Bolit,Ikatan,-
Bolosi,Sahut,-
Bolok,Darah Haid,-
Boloki,Istri,-
Bolong,Mandul,-
Bonon,"Kera, Monyet",-
Boluki,Telur Busuk,-
Bolung,Perang,-
Bondolong,Tebal,-
Bondo,Lenyap,-
Bone,Pasir,-
Bong,Bongkok,-
Bongkolon,"Tertindih, Tertimpah",-
Bongkung,Bungkuk,-
Bongkot,Dahi,-
Bongol,Tuli,-
Bonggon,Rotan,-
Bonua,Rumah,-
Booli,Buang,-
Boolu,Baru,-
Boto,Judi,-
Botokon,Lengan,-
Boulon,Kuah Sayur,-
Buayakis,Jambu Mente,-
Buang,Lubang,-
Buani,Jala,-
Buas,"Redah, Berhenti",-
Buasasak,"Hujan Panas, Gerimis",-
Buat,Harta,-
Buate,angkat,-
Bubukon,Berbubuk,-
Bubung,Sumur,-
Bubut,Buta,-
Bubuti,Berkembang Biak,-
Bubuul,Berjalan-jalan,-
Budo,Begitu,-
Budodoiya,Tadi,-
Budul,Bohong,-
Buk,Rambut,-
Bukaka,Kupu-Kupu,-
Bukal,Mendidih,-
Bukkon,"Bertandah Pecah, Retak",-
Bukoti,Tikus,-
Buku,Tulang,-
Bukuan,Kuat,-
Bul,Asap,-
Bulaii,"Tolong, Bantu",-
Bulaa,Berapa,-
Bulamo,Bagaimana,-
Bulak,Berbunga,-
Bulandokon,"Kenapa, Mengapa",-
Bulalongo,Hutan Belantara,-
Bulung,"Rumput, Leher",-
Bulusan,Panjang,-
Bulus,Mengalir,-
Buluson,Tertimpa Aliran,-
Buluon,Berbulu-bulu,-
Bundai,Terlepas,-
Bundu,Ujung,-
Buung,Pecakan,-
Bunga,Kembang,-
Bungkuk,Atas,-
Bungko,Gunung,-
Bungkang,"Ketang, Kepiting",-
Bungkaing,Jamur,-
Bungkut,Punggung,-
Bunom,Awan,-
Bunoi,Seperti,-
Busak,Gemetar,-
Busuk,"Buka, Kembangkan",-
Buta,Tanah,-
Buunia,Begini,-
Buunoko,Begitu,-
Buungi,"Belah, Tetas",-
Buut,Lubang,-
Buukon,Berbubuk,-
Bunsang,"Tanam, Tancap",-
Buntoyong,Hamil,-
Buyuk-buyuk,Nyamuk Kecil,-
Daa,Sejak,-
Daano,Ada,-
Dadakang,Kebesaran (Bentuknya),-
Dadan,Merembesi (Sifat Asli),-
Delep,Jilat,-
Dam,Sedang,-
Dampas,Lari,-
Dampasan,Tempat/Waktu Lari,-
Damut,Kacau Balau,-
Dampun,Pakaian Bayi,-
Domba,Disana,-
Dimba,Disini,-
Doimbaa,Disitu,-
Dangkil,Kambing jantan,-
Danggon,Masih Ada,-
Danggu,Punyaku,-
Danggul Asu,Anjing,-
Danggul Babui,Babi,-
Dapit,Jepit,-
Dapito,Sudah Lumpuh,-
Dapul,Dapur,-
Daradak,Banyak Sekali,-
Dasal,Tikar,-
Daunggene,Ikutkan,-
Dedeng,Luka,-
Dengas,Sumbing,-
Deli,Gembira,-
Delepio,Jilati,-
Depel,"Wasir, Ambeyen",-
Diala,Peti Mati,-
Doi,Di,-
Didip,Kilat,-
Dikat,Labu,-
Dili,Diri,-
Dilindo,"Badannya, Dirinya",-
Dilep,Mengkilat,-
Dinaanokon,Diadakan,-
Dinoodokon,Dijarangkan,-
Dinuup,Dihisap,-
"Do, Nia","Ini, Itu",-
Dadate,Enggan,-
Dodi,"Sinting, Gila",-
Dodomi,Ari-ari,-
Doi,"Duit, Uang",-
DoiBundu,Dibelakang,-
Doitumbe,Diawal,-
Doiyamo,Sudah Itu,-
Doiyaa,Kemana,-
Dompot,Lolos,-
"Dongo, Dongol",Duduk Terdiam,-
Donggon,Menjauh Dahulu,-
Dogkang,Kebodohan,-
Donga,Ambil,-
Donga,Bodoh,-
Dongkitan,Jangkit,-
Dopi,Papan,-
Dopol,Menghalangi,-
Doso,Pantang,-
Dosumai,Kemari,-
Dowa,Pagi,-
Du,"Hingga, Terus, Lalu",-
Duampakon,Lalu Pergi,-
Duokon,Dorong,-
Dudimba,Hingga Disini,-
Dudumbala,Terus Kesana,-
Duduk,Duduk,-
Dudukan,Tempat/Waktu Duduk,-
Dudus,"Muka, Wajah",-
Dumbak,Sampai,-
Dumeas,Sembilu,-
Dun,Pabrik,-
Dungol,Berdiam,-
Dunggul,"Susul, Sampai Batas",-
Dul,Menolak dari dalam,-
Dulang,"Dulang, baki",-
"Duokan, Duwolkon","Tolak, Dorong",-
Ea ea,Pikun,-
Eaan,Segan,-
Ebese,Bagi,-
Ededengel,Menengadah,-
Ee,"Larut, Mencair",-
Eenai,Tunggu,-
eese,Perhatikan,-
Eegeegelo,"Congkak, Sombong",-
Ekeete,Persambungkan,-
Ekelebus,Tuangkan,-
Ekemelayo,Merekanlah,-
Elengele,Jelas,-
Memel,Dingin,-
Elembani,Hilangkan,-
Eketese,Perjelas,-
Eleiyo,Lewati,-
Empele,Tambalkan,-
Enayo,Jagalah,-
Endeenge,Tumpangkan,-
Engel,Ajak,-
Enenge,Ketagihan,-
Enget,Merengek,-
Esa,Waktu Sholat Isya,-
Eseenen,Hari Senin,-
Eseketio,Percepatlah,-
Eteenge,"Tenangkanlah, Tetapkanlah",-
Etetenge,Kumpulkan,-
Epepeyo,Halangilah,-
Gabus,Gabus,-
Gade,Gadai,-
Gagaai,"Gugat, Bantah",-
Galagode,Menggodai,-
Galagapan,Kebingungan,-
Galal,Bincang,-
Gamut,Kalangkabut,-
Gandang,Gendang,-
Gawu,Kalakuan,-
Gili-giling,Putar-putar,-
Gong,Gong,-
Gogang,"Gombal, Rayu",-
Gogowan,Perkebunan,-
Goloi,Campur,-
Got,"Parit, Saluran Air",-
"Gula, Mamisan",Gula,-
Guruk,Guntur,-
Ia iamo,Mana-mana,-
Ianu,Si Anu,-
Layon,Tanaman,-
Iaku,Saya,-
Iana,Dia,-
Ianila,Mereka,-
I Kami,Kami,-
I Komuyu,Kamu,-
Igama,Agama,-
Ilei,Pilih,-
Ilul,"Ludah, Liur",-
Iman,Iman,-
Impit,Melekat,-
Inak,Lemak,-
Inala,Diambil,-
Inai,Jangan,-
Inaison,Dibuang,-
Inda,Ayo,-
Indaa,Disana,-
Indee,Siapa,-
Ingat,Ingat,-
Inutubu,Dipelihara,-
Inokoot,Diikat,-
Inosulu,Diusir,-
Inum,Minnum,-
Isilam,Islam,-
Iyayong,Hewan Pelihara,-
Iyos,"Resah, Gelisah",-
Jago,Jago,-
jajian,Kejadian,-
Jambatan,Jembatan,-
Jandi,Janji,-
Jamaan,Cantik,-
Jodo,Jodoh,-
Jonga,Rusah,-
Jogug,Perdana Menteri Kerajaan Banggai,-
Jou,"Guru, Guru Mengaji",-
Kaan,Makan,-
"Kaanan, kakaanan",Makanan,-
Kaasa,Kaya Raya,-
Kaasiasi,Fakir Miskin,-
"Kabai, Kubai","Buat, Bikin",-
Kabal,Kebal,-
"Kabi, Tago","Hampir, Nyaris, Minta",-
Dodi,Gila,-
"Kabus, Malaus","Habis, Halus",-
"Kabuut, Kadut",Layar,-
Kadal,Kadal,-
"Kakadukon, Kadu-kadukon",Paru-Paru,-
"Kadempeng, Mange",Ompong,-
"Kakat, Kokotii",Gigit,-
Kakal,"Antusias, Bersemangat, Cakar, Keras",-
Kakadak,"Jerih Payah, Kerja Keras",-
"Kakabai, Kokubai",Perbuatan,-
Kakabaino,Meskipun,-
Kakabaikono,Telah Seperti,-
Kakalakon,Pura-pura Kalah,-
Kakalapus,Menghilang Jejak,-
Karambau,Kerbau,-
"Kalait, Sosiduk",Tombak,-
"Kalalatan, Kallatan, Pokallatan",Berbatasan,-
Bokukum,Baju,-
Toik,"Sarung, Kain",-
"Kalasoi, Bubu",Sero,-
Kalasan,Wasiat,-
Kalaolao,"Luntang lantung, Terlantar",-
"Kaleengis, Kadengis",Sumbing,-
Kali,Gali,-
Kaliangano,"Beragam, Macam Jenis",-
Kalimbombong,Mimisan,-
Kalipa,Sahabat,-
"Kalipoopok, Kalipook, Kikiik, kalipokan, Londomi",Gelap,-
Kalisoosok,Cicak,-
"Kaloang, Kolong, Kailong",Burung Bangau,-
Kalong,Kalung,-
Kalu,"Kalau, Jika, Apabila",-
Kaluangkang,Laba-laba,-
Kalukubon,Kurang Sehat,-
"Kalut, Karut, Lorong",Garuk,-
Kamali,"Istana, Rumah Adat",-
Kamangian,"Kemenyan, Dupa",-
"Kamba, Komba",Mandul,-
Kambang,Belang,-
Kambalo,Teguran,-
Kambing,"Rewel, Bawel",-
Kambot,Terbakar,-
Kamot,Jepit,-
Kampul,Getah,-
Kamumu,Ungu,-
Kana,Benar,-
Totuukon,Kena,-
Kanao,"Enau, Ijuk",-
Kanakene,"Pakaikan, Kenakan, Benarkan",-
"Kananam, Tamisan","Enak, Gurih, Lezat",-
Kanaan,"Manfaat, Kegunaan",-
Kanali,Buah Kenari,-
Beaum,Kemiri,-
Kai,"Atau, Lagi",-
Kait,Menyalah,-
"Kapalan, Nanasi",Nenas,-
Kaiton,Gantunglah,-
Kapatu,Kirim,-
Kapil,Sayap,-
Kapos,Kapas,-
Kaput,"Malam, Gelap",-
"Kasayesa, Toik Memela",Kain Merah,-
Kasasalakon,Buat-buatlah Salah,-
"Kasbii, Kasubi, Kasibii","Ubi Kayu, Singkong",-
Kasubiang,Pajak,-
Katas,"Kesan, Pesan",-
Katasan,Wasiat,-
"Katidon, Suwunge, Ugaat","Barangkali, Mungkin Saja",-
Katup,"Tampal, Tempel",-
"Kaung Kabung, Nggaung gabung, Kabung-kabung",Kapuk,-
Kauloon,Sayur,-
Kaut,Jahit,-
"Kaukayung, Kau",Kayu,-
"Kaubakilakit, Tampayonit",Benalu,-
Kayap,Melambai,-
"Kayol, Otulak, Tutulak",Berenang,-
"Kea, Koiya",Itu,-
"Keako, Pepelako",Lembah,-
Keas,Kemarau,-
Kedele,Seret,-
Larintene,Tarik,-
Kees,"Ekor, Sirip",-
Keete,Ikat,-
"Keis, Kirison, Kilison","Teriak, Pekik",-
"Kelebus, Kerebus, Toboi, Kundang","Tumpah, Curah, Tuang",-
Kelek,Ketiak,-
Kendeng,Berdiri,-
Kekeledut,Ngesot,-
"Kekeauk, Kebuk, Pelek","Ribut, Gaduh, Ramai",-
Kekodua,Mengeluarkan diri,-
Keseiyon,Cinta,-
"Ketitisan, Lumbos, Motumos","Keringat, Peluh",-
Kidoon,Sumpah,-
Kibul,Kuburan,-
"Kila, Osoan, Sian",Kawin,-
Kila-kila,Seandainya,-
Kilap,"Kilat, Petir",-
Kilong,Tarika,-
Kaan,Makan,-
Kingkim,Emosi,-
"Kinobian, Popook",Malam Hari,-
"Kinolo, Kinoro",Diundang,-
"Kinolot, Kinorot","Dipotong, Disembelih",-
"Kinondok, Kindondok","Perbaiki, Perbagus",-
"Kinotuuli, Leang",Jemur,-
"Busoi, Kumosi",Cuci,-
Kiis,"Sunyi, Sepi",-
"Kiit, Liit",Marah,-
Kitumbu,Pengabdi,-
Kiyap,"Tapis, Tamis, Nyiur",-
"Kiyoon, Akiyoon",Belum,-
Koan,Puas,-
Kowang,Burung Hantu,-
Kobat,Buai,-
Kobong-kobong,Ubur-ubur,-
Koimbaa,"Disitu, Kesitu",-
"Koila, Oila",Apa,-
"Koiya, Komba, Kea-kai",Itu,-
"Koiyan, Noiyan",Kapan,-
Kokila,Kemauan,-
"Kokil, Sose, Tatangis",Menangis,-
Kokiseiyon,Cendramata,-
Kokolindol,"Melaju, Jalan cepat",-
Kokolondok,Meluncur,-
Kokol,Arus gesek,-
Kokondong,Berdiri,-
Kokot,Pengikat,-
"Kokuulon, Ani, Mumulung",Lebah,-
"Kokuuti, Modukut","Benci, Jijik",-
Kokundu,Sisir Kutu,-
"Kolibang, Kulibang",Kopra,-
Kolis,Cukur,-
Kolua,Rebus,-
"Kololon, Kollon",Ribu,-
Kololion,Kelaparan,-
Mongkoloi,Mengeram,-
Kolio,Hidupkan,-
Kombong,Perut,-
"Komian, Miyan",Orang,-
"Komosi, Kumosio",Cuci,-
"Komeng, Yanila",Mereka,-
Komuyu,Kamu,-
Komulaan,Jerami,-
"Koo, Ikoo",Engkau,-
"Bobosul, Koonoan","Kenyang, Kekenyangan",-
Koot,Utuh,-
Kootiyo,Cicil,-
"Kosu, Kulala",Botak,-
Kotis,"Robek Sedikit, Cubit Sedikit",-
Kotos,Jelas,-
Kowal,Kawat,-
Kowan,Puas,-
Koowan,Peristiwa,-
Kowatan,Batu Asah,-
Koyol,Kandas,-
"Kuate,Kuete, Lomos","Telan, Goyang",-
"Kuayang, Alai, Aloi",Burung Elang,-
"Kubai, Kabai, Tiase",Buat,-
"Kudaan, Tutukan, Tutuan",Lesung,-
Kuda,Tumbuk,-
Kukul,Daki,-
"Kukus, Tibolun",Asap,-
Kukut,Rapat,-
Kukuti,Tebak,-
Kukuuton,Cemberut,-
Kulala,Botak,-
Kulaluk,Tembaga,-
Kulang,Kebutuhan,-
Kulimpas,Ampas Kelapa,-
Kulit,Kulit,-
"Kulus, Kurus, Budul",Bohong,-
"Kumbit, Kimbit",Tawa,-
Kokumbit,Ketawa,-
Kumosi,Cuci,-
Kumosik,Semut,-
Kundang,Tumpah,-
Kundot,Kental,-
Kuni,Kunyit,-
Toiyo,Tahu,-
"Kutup, Kudup",Hisap,-
Kutu,Kutu,-
"Laan, Panga",Dahan,-
Laang,Cahaya,-
"Laal, Malaal",Lapar,-
Laat,Dapat,-
Labi,Sisa,-
Labin,Timang,-
Labot,Temu,-
Labotan,Pasar,-
Labue,Beras,-
"Lakato, Akato",Rumpun,-
Lakit,"Muat, Naik",-
Lako,Tangkap,-
"Lala, Sua, Tosua","Bakar, Terbakar",-
Lalabak,"Main, Bermain",-
"Lalal, Lukul","Suara, Bunyi",-
Lalawu,Telanjang,-
Lalanto,Terapung,-
Lalong,"Dalam, Teluk",-
Lolo,Ikut,-
"Lambang, Soopon","Menyelam, Selam, Renang",-
Lambuyung,Aya Hutan,-
Lamas,Teras,-
Lampa,Lewat,-
Lampas,Rebut,-
Lamping,Kesurupan,-
"Lampot, Kampit","Lekat, Melekat",-
Lungas,Insang,-
Langkai,Suami,-
Langgong,Kakak,-
Lapa,"Suda, Selesai",-
Lapus,Hilang,-
"Lausalo, Baseeleon",Merantau,-
Leang,Jemur,-
"Lebeke, Lobok",Peluk,-
Lebes,"Turun, Keluar",-
Leesak,Terhambur,-
"Lekut, Lemat",Lumpuh,-
Lekes,"Kupas, Belah",-
"Lempak, Liba","Naik, Panjat",-
"Lemese, Lomos",Telan,-
Lengele,"Dengar, Dengarkan",-
Lengge,Mekar,-
Lengis,Sumbing,-
Leton,Retak,-
Lias,"Minggir, Membelok",-
"Liat, Osodii",Lepas,-
Libus,Angin Ribut,-
Liis,Mengidam,-
Liit,Marah,-
Liise,Melebihi,-
Lima,"Lima, Tangan",-
Limang,Kerja,-
Lisuk,"Samping, Rusuk",-
Limulus,Digulung,-
"Limpas, Usok",Masuk,-
Linggous,Embun,-
Lipopot,Kunang-kunang,-
"Lipu, Papalan","Negeri, Kampung, Tanah Air",-
Lobo,"Hutan, Sesuatu",-
Lobok,Peluk,-
"Loboson, Odua",Keluar,-
Mopit,Buta,-
Loka,Pisang,-
"Lokis, Kulokis","Jahat, Busuk",-
Lokutak,Lumpur,-
Loi,Biasa,-
Lolo,Ikut,-
Laing,Kejar,-
Loloison,Yatim Piatu,-
"Lolos, Mololos",Melingkar,-
Loloboti,Sambut,-
"Lolondong, Busak",Gemetar,-
Loloon,Jalan,-
Lolotano,Jalan kaki,-
Loluuk,"Dulu, Dahulu",-
"Luluuli, Ase","Bujuk, Rayu",-
Lomba,Mengalir,-
Lomboi,Tambah,-
Lomut,"Lumut, Bulu",-
Longol,Dengar,-
Longas,Bodoh,-
"Londa, Lobun, Bubut","Rabun, Buta",-
"Londomi, Kalipook",Gelap,-
Lenget,Pikul,-
Londok,Luntur,-
Loon,Daun,-
Looton,Sudah tenang,-
"Loonu, Kutika",Zaman,-
Loos,Alas,-
Lopot,"Bungkus, Gulung",-
Losi,Utus Asli,-
"Loto, Moloto",Patah,-
"Loung, Ato",Atap,-
"Loyos, Moloyos","Jujur, Lurus",-
Lua,Dua,-
"Luanggon, Labuton",Melompat,-
"Lubat, Mbungas","Datang, Tiba",-
"Lubak, Rubak",Rusak,-
"Lubeo, Rubeo",Tabrak,-
"Luet, Ruet","Ungkit, Cungkil",-
"Luk, Luwok, Luwuk",Teluk,-
Lukul,Bunyi Suara,-
Lulung,"Naung, Lindung",-
Lulu,"Pajak, Upeti",-
Lulung,Gulung,-
Lumba,Subur,-
Lungkuon,Kalah,-
"Ma, Mamaa",Malu,-
Maamis,Manis,-
Maasi,Kasihan,-
Maaling,Mahal,-
Maata,Mentah,-
Mata,Mata,-
Maanus,Hanyut,-
"Molisuk, Molusuk",Kurus,-
Madota,Rajin,-
"Madangkang, Malakal",Jarang,-
"Magae, Pastiu",Bosan,-
Magampapal,Belajar,-
Mai,Mari,-
Mainaa,Besok,-
Maide,Hiasan,-
Makadat,Pakat,-
Makansang,Kencang,-
Makatol,Gatal,-
Malaat,Dapat,-
Malaal,Lapar,-
Malabot,Jemput,-
Malabu,Melantik,-
Malalat,Melarat,-
Malampal,Hijau,-
Maranak,Gemuk,-
Malane,Laki-laki,-
Malangu,Mabuk,-
"Malabus, Kabus",Habis,-
Maligoot,Demam,-
Marisa,"Rica, Cabai",-
Malumbit,Lama,-
Mamangan,Tajam,-
Mamaa,Malu,-
Mamai,Kunya,-
Mamaalan,Ringan,-
Mampasa,Pecah,-
"Mamut, Malambuk","Lapuk, Hancur",-
Manas,Hancur,-
Manda,Lipan,-
Mandemel,Dingin,-
Mangampit,Melipat,-
Mangasau,Makan Sahur,-
Manggustang,Manggis,-
Manggirit,Kotor,-
Mange,Ompong,-
"Manipi, Melel",Tipis,-
Manuk,Ayam,-
Mian,"Manusia, Orang",-
Mompuul,Memasak,-
Mansau,Mandi,-
Mantaap,Meraba,-
Mantaup,Menimba,-
Mantamis,Merasakan,-
Masakit,Sakit,-
Masangol,Basih,-
Masala,Gerhana,-
Masambuut,Cemberut,-
Masigi,Masjid,-
"Mata, Maata",Mentah,-
Matabal,Tawar,-
Matakut,Takut,-
Mate,Mati,-
Tambongan,"Gagah, Cantik, Ganteng",-
Mau,"Meski, Walau",-
Mayuut,Lamban,-
Mbaa,Ini,-
Mbembel,Berlinang,-
Mbanal,"Merayap, Menjalar",-
Mbembenu,Kura-kura,-
Mbees,"Meleleh, Mencair",-
Mbeas,Alang-alang,-
Mbesi,"Senang, Gembira",-
Mbetak,Basah,-
Mbiul,Air Liur,-
Mbilit,Tahi Mata,-
Mbolosukon,Durian,-
Mbombul,Angin,-
"Mbombos, Modoko","Rakus, Tamak",-
Mbongul,Hingus,-
Mboikuk,Curi,-
Mbonoang,Anoa,-
Mbosolo,Liar,-
Manggalau,Bertelur,-
Motongot,Pelit,-
Mbu,"Datuk, Kakek, Nenek",-
Mboyok,Haluan,-
Mbeas,Alang-alang,-
Mbua,Subur,-
Mbules,Pucat,-
Mbuol,Mengigau,-
"Meas, Pakol",Luka,-
Meeng,Satu,-
Meele,Asam,-
"Meleak, Manipi, Melel",Tipis,-
Memel,Dingin,-
Memela,Merah,-
Memelio,Mendambakan,-
Menseang,Menyanyi,-
Menseabul,"Halus, Gurih",-
Meseket,Mendesak,-
Meselesek,"Petir, Kilat",-
Mindua,Pacar,-
"Misik, Lalalo",Suara,-
Motuul,Kering,-
Mo,Yang,-
Modipot,Sempit,-
Modoa,Pagi,-
Mosobit,Cepat,-
Monduok,Dorong,-
Mojojo,Resah,-
Moinsale,Bahasa,-
"Mointing, Motikas",Keras,-
"Mokias, Mosiak",Robek,-
Mokitos,Jelas,-
Mokorong,Tegang,-
Mokoyos,"Serak, Parau",-
Mokorutok,Keruh,-
"Mokolikot, Bukuan",Kuat,-
Mok,Mangkuk,-
Mokopul,Hangus,-
"Mokupok, Teetek",Jambu,-
Malino,Jernih,-
Malindol,Laju,-
Moli,Semoga,-
Moliyos,Bersih,-
Molinos,Bersih,-
"Moloas, Bulusan",Panjang,-
"Malisaa, Siloloa",Pamit,-
Mololo,Ikut,-
Molondol,Licin,-
Molongol,Patuh,-
Loolana,Dekat,-
Moloto,Patah,-
Molo,Tidur,-
Molou,Haus,-
Moloyu,Layu,-
Moloyos,"Lurus, Jujur",-
Molumba,Subur,-
Molutak,Hancur,-
Moluko,Gadis,-
Boine,Perempuan,-
Mombul,Angin,-
"Mompolii, Suuki",Cari,-
Mompul,Memasak,-
Momuruk,Mengamuk,-
Monas,Panas,-
Mondopuli,Berkeluarga,-
Monianan,Menantu,-
Monos,Longsor,-
Monondok,"Bagus, Baik, Elok",-
Inum,Minum,-
Obos,Bagi,-
Mongoli,Membeli,-
Oli,Beli,-
ontoki,Isi,-
Monggol,Kuat,-
Sua,Bakar,-
Monsukat,Mengukur,-
Sukat,Ukur,-
Monsung,Melahirkan,-
Moola,Bisa,-
Moolo,Tidur,-
Moono,Penuh,-
Montong,Berhenti,-
Montilean,Jendela,-
Montotiili,Menunggu,-
"Mopiit, Lubon",Buta,-
Moopok,Hitam,-
Mosikit,Benci,-
Mosolo,Liar,-
Mosoni,Kuning,-
"Mosoo, Babarat",Berat,-
Mosopot,Pahit,-
Mosorot,"Rumput, Kotor",-
Motono,Asin,-
Tuong,Jatuh,-
Moute,Putih,-
Moyoo,Masak,-
Muyuk,Lemah,-
"Taate, Naandi",Nenek,-
Naal,Goyang,-
Naapa,Sebentar,-
Nai,Jangan,-
Nia,Ini,-
Nandoo,Mana,-
Nanasi,Nenas,-
Nda,Kita,-
Ndemel,Makanan,-
Ndeke,Keladi,-
Ndulus,Seragam,-
Neneeke,Ingat,-
Nggala,Teriak,-
Nggabut,Kacau,-
Nggale,Puji,-
Nggalawu,Telur,-
Nggalung,Timah,-
Ngganggas,Senang,-
Nggamal,Seksi,-
Nggolong,"Guling, Baring",-
Nggolias,Pisah,-
Nggung nggum,Genggam,-
Nggulos,Selimut,-
Ngguluk,Guntur,-
Ngoling,Gigi,-
Noa,Hati,-
Nirube,Tabrak,-
Noko,Itu,-
Nom,Enam,-
Noiyan,Kapan,-
Noiyuan,Lusa,-
Nunuton,Cerita,-
Ode,Iya,-
Oak,Pinggang,-
Obos,Bagi,-
Obulus,Turun,-
Obut,Maras,-
Odoon,Jauh,-
Oila,Apa,-
Ojob,Jamur,-
Okoliio,"Akali, Bohongi",-
Okoot,Hubungkan,-
Oli,Beli,-
Olinea,"Alis, Kening",-
Oloang,Kapak,-
Olungun,Kuku,-
Olumon,Mimpi,-
Ompol,Tambal,-
Oniki,Kelelawar,-
Ongkos,Biaya,-
Onggimal,Penasaran,-
Onsulang,Duduk,-
Onsuun,Junjung,-
Ontokii,Isi,-
Omoi,Asmah,-
Omoang,Bulu Roma,-
Onuus,Cumi-cumi,-
Opuut,Meledak,-
Oosan,Tanda,-
Osoan,Kawin,-
Asobii,Lepas,-
Osuut,Lompat,-
Osulen,Menari,-
Ototong,Kumpul,-
Oyuboiyo,Pelihara,-
Otulak,Renang,-
Otunggul,Nasehat,-
Oyop,Dada,-
Oyok,Empedu,-
"Paapa, Tama","Papa, ayah",-
Pagar,Pagar,-
Pailukene,Beritahu,-
Bansang,Ragu,-
Paisu,Air,-
Pau,Anak,-
Pajal,Fajar,-
Pakadak,Capek,-
Pakamumul,Menggerutu,-
Pakanggi,Pemegang Adat,-
Pakaut,Jarum,-
Pake,Pakai,-
Pakol,Luka,-
Pakon,Pergi,-
Pakua,Jambu Air,-
Pakuli,Obat,-
Palapinis,Gerimis,-
Palate,Penawan,-
Palele,Jual,-
Palias,Pencegah,-
Palias,Pamali,-
Palisauk,Berbisik,-
Palingkuk,Kaku,-
Palong,Lempar,-
Palos,Putar,-
Pios,Rubah,-
Palus,Pendek,-
Pamo,Sudah,-
Panga,Cabang,-
Pangaseasea,Pembujuk,-
Pantis,Gusi,-
Pantan,Larang,-
Papai,Pipi,-
Paiil,Kipas,-
Papal,Dampar,-
Paseda,Gelang,-
Pasu,Pojok,-
Patalap,Peniti,-
Patalop,Penutup,-
Patalik,Pengikar,-
Pataal,Pencegah,-
Patalabi,Penyelamat,-
Patauk,"Timbah, Gayung",-
Patol,Potong,-
Patoo,Pelampung,-
Palus,Pendek,-
Patuk,Pelit,-
Pau,Anak,-
Dodomi,Ari-ari,-
Peakak,Geli,-
Peepende,"Rendah, Pendek, Dangkal",-
Peepeku,Burung Puyuh,-
Peeput,Tahi lalat,-
Peka,Pancing,-
Pekeali,Jagoan,-
Pekeei,"Rias, Pakai",-
Peku,Bengkok,-
Pelenggene,Sampaikan,-
Pengite,Pisau,-
Pepedek,Lembek,-
Pedek,Remas,-
Pepelako,Lembah,-
Petak,Lumpur,-
Piada,Olok,-
Pies,Putar,-
Pinotama,"Om, Tante",-
Piis,Peras,-
Piit,Pejam,-
Pinaanak,Keponakan,-
Pinga,Kembar,-
Pinggan,Piring,-
Pinotama,Paman,-
Pinotina,Bibi,-
Pintal,"Kemarau, Matahari",-
Pintanga,Separuh,-
Pilit,Pulut,-
Pioto,Adik,-
Pipil,Nyamuk,-
Pipiit,Mengantuk,-
Pisok,Buta Mata,-
Pisuu,Fitnah,-
Pitu,Tujuh,-
Pituu,Kepastian,-
Pobilat,Api,-
Poi-poisik,Kecil,-
Poki-poki,Terong,-
Pok,Cekik,-
Pokkana,Sama,-
Polisauk,Berbisik,-
Pololoba,Pendek,-
Polong,Sampai,-
Ponga,Bisu,-
Pansona,Obor,-
Ponoton,Tersumbat,-
Pontina,Betina,-
Poogagai,Bertengkar,-
Poolu,Tungku,-
Pomenggon,"Sepakat, Bersatu",-
Popidolon,Lansat,-
Popiisi,Jeruk,-
Pikikon,Pikir,-
Popooko,Malam,-
Dowa,Pagi,-
Popondongoli,Berita,-
Sangkal,Dinding,-
Popot,"Sumbat, Halang",-
Popuut,Sanggul,-
Possala,Berselisih,-
Possala,Lalat,-
Posikang,Saku,-
Posiuk,Sendok Makan,-
Posos,Pinang,-
Posos,Pingsan,-
Bulutui,Bambu Kecil,-
Pososung,"Bertemu, Berjumpa",-
Potolos,Penebus,-
Pongoli,Pembeli,-
Pottoli,Penjaga,-
Potil,Kelapa,-
Potinggal,Bercerai,-
Sasa,Kucing,-
Pupui,Bersiul,-
Puli,Keluarga,-
Puloson,Ramalan,-
Pulo-Puloso,Jantung,-
"Pulut, Ala",Ambil,-
Pupul,Hangus,-
Pupuui,Petik,-
Pupus,Selesai,-
Pusoi,Pusat,-
Puuk,Kentut,-
Puul,Tiup,-
Rame,Ramai,-
Rasung,Racun,-
Rubak,Rombak,-
Ruet,"Ungkit, Cungkil",-
Sasol,Bergeser,-
Saasul,Mondar-mandir,-
Biol,Pindah,-
Saake,Meraba,-
Saang,Masak,-
Saapi,Sapi,-
Sasa,Kucing,-
Salabatan,Sahabat,-
Sabol,Pinjam,-
Sabuung,Sabun,-
Damut,Kacau,-
Sadai,Tanya,-
Saiibong,Dukung,-
Sail,Iris,-
Sagu,Sagu,-
Sak,Ragu,-
Sakal,Sekarat,-
Sakakon,Tanam,-
Sakat,Seratus,-
Sake,Bertengkar,-
Sakisaa,Siksa,-
Sakisii,Saksi,-
Sakul,Lempar,-
Salaan,Hadapan,-
Salabai,"Banci, Bencong",-
Salaka,Sapu,-
Salaka,Perak,-
Saliduut,Pojok,-
Salita,Cerita,-
Sali,Miring,-
Salual,Celana,-
Saluk,Cukur,-
Salusin,Selusin,-
Sam,Asma,-
Samaya,Hutang,-
Samat,Sumpit,-
Samba-sambat,"Kandas, Sangkut",-
Sambaing,Bersin,-
Sambu,Nama,-
Sambumo,Terserah,-
Sambu-sambumo,Sembarang,-
Olonio,Cukup,-
Sampa,Cimpeda,-
Sampe,Gantung,-
Sampoulu,Kerudung,-
Sampu,Singgah,-
Sanal,Gurindam,-
Sanaang,"Gembira, Senang",-
"Sandung, Sabua",Gubuk,-
Sando,Dukun Beranak,-
Sangkap,Empat,-
"Sangkup, Sangol",Tutup,-
Bindana,Ular,-
Sanggaraup,Terbalik,-
Sao,Buah,-
Saput,Seluruh,-
"Sapit, Sookon",Sembunyi,-
Sasakan,Terjal,-
Sasakaan,Berlabuh,-
Sasaal,Menyesal,-
Sasap,Sayat,-
"Buasasak, Sasak",Gerimis,-
Sasampe,Cukup,-
Saibino,Semua,-
Salaan,Hadap,-
Sasangkil,Gelas,-
Saut,Gosok,-
Sau,Darah,-
Sayi,Mahar,-
Seasa,Kerikil,-
Tumpak,Katak,-
Seledee,Cerdik,-
Seket,"Cepat, Selalu",-
Seeka,Usir,-
Seeleon,Rantau,-
Sembeleng,Sebelah,-
Selekan,Cerek,-
Selese,"Guntur, Petir",-
"Seng, Doi",Uang,-
Seselet,Berpencar,-
Sepa,Tendang,-
Sia,Buru-buru,-
Doi,Di,-
Siak,Robek,-
Sidak,Hidang,-
Sidola,Undang,-
Sidu,Sisir,-
Siinga,Tagi,-
Sikkait,Celana Dalam,-
Sikkala,Ubi Jalar,-
Sikal,"Penuh, Padat",-
Sikol,Lingkar,-
Bungkang,Kepiting,-
Silaabo,"Anak Tiri, Ibu Tiri, Ayah Tiri",-
Silaka,Celaka,-
Sile,Juling,-
Silel,Melotot,-
Silep,Pandang,-
Silolowa,Pamit,-
Simbat,Bergerak,-
Simbu,Bangun,-
Simbil,Jenggot,-
Simput,Ikat,-
Sabuak,Tebar,-
Sinabuak,Ditebar,-
Sebaeat,Hadiah,-
Sinanga,Goreng,-
Sakul,Lempar,-
Sakakon,Tanam,-
Salaan,Hadapan,-
Siing,Ganggu,-
Singkape,Sergap,-
Singkolung,"Kebas, Keram",-
Singkut,Bantu,-
Singkil,Sentuh,-
Singgat,Serentak,-
Simbu,Bangun,-
Siniton,Dihisap,-
Bolii,Ganti,-
Sinolon,Sesajen,-
Suuki,Cari,-
Sukat,Ukur,-
Sunat,Sunat,-
Sintubo,Kehidupan,-
Tubo,Hidup,-
Sintak,Tarik dengan Cepat,-
Sio,Kecuali,-
Sio,Sembilan,-
Siongolingo,Tepi Pantai,-
Sion,Kasihan,-
Siokai,Jika,-
Sipat,"Sifat, Perilaku",-
Sisil,Menepi,-
Sipot,Musibah,-
Sisidol,Canggung,-
Sisil,Keliling,-
Sit,Sperma,-
Siukon,Muda,-
Siya,Keburu,-
Soan Tanga,Ruang Tengah,-
Soaan,Lantai,-
Soano,Pasangannya,-
Soboli,Ganti,-
Sobonunuan,Semalaman,-
Sobinduk,Secuil,-
Sogang,Siri,-
Sogang Bukono,Jerawat,-
Sogot,Ikat Ketat,-
Soi,Jahe,-
Soisik,Sedikit,-
"Soisobit, Naapa",Sebentar,-
Soisolot,Cincin,-
Sok,Menahan,-
Soe,Sial,-
Sokoii,Angin Ribut,-
Sokoot,Seikat,-
Sol,Udang,-
Solitan,Tulisab,-
Solit,"Tergores, Belang",-
"Solinsau, Linggous",Embun,-
Solii,Campur,-
"Soloiba, Daok",Saudara Ipar,-
Sololon,Seribu,-
Solo,Korek Api,-
Bokol,Ombak,-
Solonsong,Gelombang,-
Solunsung,Bertepatan,-
Som,Selimut,-
Somba,"Menyembah, Tunduk",-
Sompo,"Berlindung, Bernaung",-
Somponggon,"Dihalangi, Terhalang",-
Song,Hidung,-
"Songkot, Sompoyon",Batuk,-
Sool,"Karam, Tenggelam",-
"Sooman, Boan","Bau, Busuk",-
"Soodo, Boolu",Baru,-
"Sookon, Sapit",Sembunyi,-
Soopon,Selam,-
Soowan,"Laju, Cepat",-
Songko,"Kopia, Peci",-
"Songkoron, Bubut","Buta, Rabun",-
Songulo,Sepuluh,-
Songulo Meeng,Sebelas,-
Songulo Lua,Dua Belas,-
Songulo Tolu,Tiga Belas,-
Songulo Sangkap,Empat Belas,-
Songulo Lima,Lima Belas,-
Songulo Nom,Enam Belas,-
Sangulo Pitu,Tujuh Belas,-
Songulo Alu,Delapan Belas,-
Songulo Sio,Sembilan Belas,-
Lua Korono,Dua Puluh,-
Soni,Kuning,-
Sontok,"Sedikit, Setetes",-
Kokiil,Menangis,-
Tempaisu,Kencing,-
Sosibandung,"Cenderung, Candung",-
Sosiduk,Tombak,-
Sosimbu,Terbangun,-
Sop,Berteduh,-
Sopi,Tobat,-
sopii,Bertunas,-
Sopok,"Celup, Benam",-
Sopoyon,Batuk,-
Sosuk,Tampung,-
Totungkeleng,Jongkok,-
Sosuul,Gasim,-
Sosuung,Temu,-
Tesung,Terlahir,-
Sosumpok,Tiba-tiba,-
Sot,Ikat,-
Sou Solut,Cincin,-
sowaan,Lantai,-
Suak,capek,-
Sualapen,Munafik,-
Sua,Bakar,-
Pandoli,Linggis,-
Suano,"Agar, Supaya",-
"Suba, Somba",Sembah,-
Subot,Muncul,-
Lubat,Datang,-
Sukat,Ukur,-
Sukato,Sekedar,-
Sukal,Kesulitan,-
Sul,Putar,-
Sula,Balik,-
Sulat,"Syair, Pantun",-
Sulamak,Rebus,-
Sulok,Duri,-
Sulung,Tanggungjawab,-
Suman,"Nasi Jaha, Nasi Bambu, Lemang",-
Sumbai,Cengkok,-
Sumbol,"Melotot, Muncul",-
Sumbolio,"Suruh, Perintahkan",-
Sumbil,"Jenggot, Kumis",-
Sumit,Duri,-
Sunat,Khitan,-
Sung,Mulut,-
Toiyomo,Sudah Tahu,-
Sungkoloyo,Setengah Hari,-
Sungkape,Pergoki,-
Sunsung,Sendirian,-
Subot,Muncul,-
Pakuli,Obat,-
Supet,Bengkok,-
Susu,Susu,-
Susum,Ikan,-
Susuukon,Nakal,-
Susup,Rokok,-
Sut,Lompat,-
Suungi,Tambah,-
Suung,Tambah,-
Suuki,Cari,-
Suweete,Cungkil,-
Suwe-suwele,Sendiri-sendiri,-
Katidon,Mungkin,-
Taabuang,Serangga,-
Taadon,Tadi,-
Taan,Tahan,-
Taate,Nenek,-
Taame,Sambung,-
Taap,"Raba, Pegengan Hidup",-
Taba,"Tuang, Curah",-
Tabaak,Runtuh,-
Tabangkas,"Rugi, Bangkrut",-
"Mosiak, Taberek","Robek, Sobek, Koyak",-
Tabas,"Potong, Tebas",-
Tawan,"Gendong, Tawan",-
Tabasasiak,Tercecer,-
Tosula,Terbalik,-
Lalau,Telanjang,-
Tabo,"Muda, Mulai",-
Tadi,Sabung,-
Tadungkalang,Cacing,-
Taduno,Tanjung,-
Kabi,Hampir,-
Taipa,Mangga,-
Tak,Bunyi,-
Takundeng,Anak Anjing,-
Talalais,"Hina, Miskin",-
Talap,Kancing,-
Talau,Titipan,-
Talalawu,Telanjang,-
Talapu,Dukun,-
Talidu,Pancuran,-
Talong,Jerat,-
Talop,Tutup,-
"Tam, Tame",Sambung,-
Tama,"Papa, ayah",-
Tamis,Rasa,-
Tambalang,Danau,-
Tambi,Sumpah,-
Tambo,"Upah, Gaji, Sewa",-
Tambong,Wajah,-
Dudus,"Muka, Wajah",-
Tambongan,"Ganteng, Cantik",-
Tambu,Nenek-nenek,-
Tambun,Timbun,-
Tampidung,Termenung,-
Tampoyok,Pesuruh,-
Tandalo,Pelangi,-
Tandanda,Ridu,-
Tandanda,Tundun Pisang,-
"Tando, Dodi",Gila,-
Tangalin,"Sembuh, Lepas",-
Tangkul,Pikul,-
Tangaal,Tergoyang,-
Tangalkon,Mengarah,-
Tanga,Tengah,-
Tangala,Terambil,-
Tangabos,Tersimpan,-
Tangampason,Terhamparkan,-
Tangaiyo,Damaikan,-
Tangalibot,Terkilir,-
Tangunan,Bantal,-
Tange,Kejauhan,-
Tangalin,"Sembuh, Lepas",-
Tanggal,Terpuji,-
Tano,Tanah,-
Tanom,Tanam,-
Tapak,Tajam,-
Tapak,Jalan,-
Tapapal,Terdampar,-
Tapas,"Potong, Tebas",-
Tapaya,Pepaya,-
Tape,Terbang,-
Tapi,Hantam,-
Tapu,Jangkar,-
Tarungku,Penjara,-
Tatapon,Pintu,-
Tatal,Cincang,-
Taus,Pergi,-
Tauwa,Kakek,-
Tawupe,"Alami,Rasakan",-
Teali,Jadi,-
Tealian,Waktu/Tempat Kejadian,-
Tebeke,Tusuklah,-
Tinobok,Ditikam,-
Tebeas,Berserakan,-
Tebelaka,Terbuka,-
Teberek,Robek,-
Teenak,"Asuh, Jaga",-
Teteek,Jambu,-
Teeni,Rendam,-
Tek,Bunyi,-
Tekelebus,Terbuang,-
Tatanggakon,Nampak,-
Taus,Pergi,-
Telea,Sarang,-
Telem,Meresap,-
Tembeluk,Lumut,-
Tembus,Basah,-
Temeneno,"Tuhan, Allah SWT",-
Tempaisu,Kencing,-
Tempus,Berak,-
Teme,Berak,-
Tempono,Zaman,-
Ten,Janjian,-
Tendenge,Mampu,-
Teng,Bunyi,-
Tengekon,Menonjol,-
Tengkul,Ketuk,-
Tepek,Tanda,-
Tepekan,Tangga,-
Tetel,Nasib,-
Teteba,Pesan,-
Tiali,Jadi,-
Tianam,Hamil,-
Tias,Buat,-
Tibolum,Asap,-
Tidol,"Keras, Tegar",-
Tigo,Rokok,-
Tiilon,Kapur Sirih,-
Tiili,Tunggu,-
Tobok,Tusuk,-
Tikakon,Banting,-
Tikal,Tikar,-
Tilis,"Saring, Tapis",-
Timban,Sahut,-
Timbang,Sekitar,-
Timabangi,hampiri,-
Timbu,Langit,-
Timus,Kecup,-
Timusi,Burung,-
Timuson,Garam,-
Tina,"Ibu, Mama",-
Taba,"Tuang, Curah",-
Tinaap,Diraba,-
Tindik,Menyalakan,-
Tindo,Gila,-
Tininggal,Cerai,-
Tingkouk,Bisul,-
Tinudak,Injak,-
Tinunei,Ditampung,-
Tinuloi,Ditetes,-
Tobk,Muncul,-
Tobong ,Tempurung,-
Tobos,Dewasa,-
Toboso,Mengerti,-
Tobu,Tebu,-
Tobui,Laut,-
Tobulus,Keguguran,-
Tobunan,Belanga,-
Todal,Sempat,-
Toiyo,Tahu,-
Toipi,Kupas,-
Tokolong,Tertarik,-
Tokoluan,Pelabuhan,-
Tolingai,Telinga,-
Toliing,Menghilang,-
Tolibo,Mendaki,-
 Tolimi,Lupa,-
Toloto,Terpatah,-
Tolu,Tiga,-
Toluwo,Teriak,-
Tolutok,Otak,-
Tombuan,Bambu,-
Tooda,Pesan,-
Toon,Janji,-
Tooni,Rendam,-
Toota,Coba,-
Toruwe,Muntah,-
Totibalat,Melintang,-
Totoboi,Tersiram,-
Totobo,"Rajin, Kaya",-
Totol,Tegak,-
Totolong,Cacing,-
Totoi,Pangkas,-
Totuku,"Tunduk, Ruku",-
Tutungkeleng,Jongkok,-
Totumai,Gelar,-
Totulelang,Tergenang,-
Totulai,Penghinaan,-
Tubo,Hidup,-
Tuas,Pintas,-
Tuban,Air Ketuban,-
Tudang,Injak,-
Tude,Gantung,-
Tudo,Tunjuk,-
Tuk,Terus,-
Tukuk,Patuk,-
Tukon,"Dengan, Dan",-
Tula,"Teman, Kawan",-
Tulak,Renang,-
Tulo,Bocor,-
Tumbu,Cucu,-
Tundum,Cerita,-
Tune,Tampung,-
Tuong,Jatuh,-
Tupe,Ludah,-
Tutuan,Lesung,-
Tuutu,Raja,-
Ubang,Banting,-
Ubanon,Ubanan,-
Ubanggon,Baring,-
Udan,Hujan,-
Udu,Tunduk,-
Uduli,Maki,-
Ugaat,Barangkali,-
Ukul,Takdir,-
Ulik,Adik,-
Uling,Kemudi,-
Uloy,Ulat,-
Ulu,Kepala,-
Ulung,Kuku,-
Umbas,Hantam,-
Umbos,Keringat,-
Umos,Gelisah,-
Una,Sampah,-
Unga,Manja,-
Unggot,Goyang,-
Unsung,Junjung,-
Upa,Sesal,-
Usaa,Doa,-
Usai,Bebas,-
Usal,Kecewa,-
Usok,Masuk,-
Uwak,Kocok,-
Uwang,Panggil,-
Wenggon,Jalan,-
Wuba,Dukung,-
Wubang,Banting,-
Wuduli,Maki,-
Wumu,Bisul,-
Wuni,Bunyi,-
Wutang,"Denda, Sanksi",-
Wutas,Pembatas,-
Yaiyaa,Terserah,-
Yalunggon,"Lalu, Segera",-
Yanggene,Segani,-
Yase,"Suka, Mau",-
Yinda,Ayo,-
Yinai,Jangan,-
Yinggot,Goyah,-
Yilei,Pilih,-
Yilee,Siapa,-
Yinoon,Kalung,-
Yiyos,Gelisah,-
Yoo,Iya,-
Yoyop,Dada,-
