Ano, Anoon, Daano;Ada;descripsi
Aata;Budak;descripsi
Abali,Aliling, Mule;Kembali, Balik, Pulang;descripsi
Abalimo, Alilingo;Sudah Balik, Sudah Kembali;descripsi
Mulekono, Bamulekono;Sudah Pulang;descripsi
Abalikene, Alilinggene, Mulekene;Kembalikan, Pulangkan;descripsi
Abalikenemo, Mulekenemo, Alilinggenemo;Pulangkan saja, Kembalikan Saja;descripsi
Abin;Pangku;descripsi
Inabin;Dipagku;descripsi
Mangabin;Memangku;descripsi
Tangabin;Terpangku;descripsi
Abese, Abos;Simpan;descripsi
Abesemo;Simpan Saja;descripsi
Abesekenemo;Simpankan Saja;descripsi
Abesekene;Simpankan;descripsi
Abos;Simpan;descripsi
Inabos;Disimpan;descripsi
Inaboson;Sudah Disimpan;descripsi
Mangabos, Baabos;Menyimpan;descripsi
Mangaboso, Baaboso;Sudah Menyimpan;descripsi
Tangabos;Tersimpan;descripsi
Abu;Abu, Dapur;descripsi
Abung;Daging dari jenis Siput kecil;descripsi
Ade;Dagu, Bawah;descripsi
Ade-adeno;Merengek-rengek;descripsi
Adi;Haji;descripsi
Agaga;Kurang Sopan;descripsi
Adu;Urut, Pijat;descripsi
Inadu;Diururt, Dipijat;descripsi
A'I, Aki;Tidak;descripsi
Ai;Kaki;descripsi
Aino;Kakinya;descripsi
Aino Sausasuno;Jarijari Kaki;descripsi
Ai Pallapo;Telapak Kaki;descripsi
Aimuyu;Kakimu;descripsi
Ainggita;Kaki Kita;descripsi
Ainggu;Kakiku;descripsi
Ainila;Kaki Mereka;descripsi
Aison, Booli, Lamit;Buang;descripsi
Inaison;Dibuang;descripsi
Ait;Hitung;descripsi
Inait;Dihitung;descripsi
Mangait;Menghitung;descripsi
Tangait;Terhitung;descripsi
Ajaran;Kuda;descripsi
Akabasale;Muliakan;descripsi
Kabus;Habis;descripsi
Akal;Akal;descripsi
Kaan;Makan;descripsi
Akat, Tomok;Bakau, Mangrov;descripsi
Akato;Akar;descripsi
Akimo, Kimo;Sudah Tidak;descripsi
Akio,Kio;Tidak Ada;descripsi
Kabuso;Sudah Habis;descripsi
Akion, Kion;Belum;descripsi
Akionan;Belum Lagi;descripsi
Ala, Pulut;Ambil;descripsi
Inala, Pinulut;Diambil;descripsi
Inalamo;Sudah Diambil;descripsi
Alayo, Pulute;Ambillah;descripsi
Alayomo,Pulutemo;Ambil Saja;descripsi
Alakene, Pulutene;Ambilkan;descripsi
Alaase, Alaason;Pisahkan, Kecuali;descripsi
Inalaason;Dipisahkan;descripsi
Lapa;Selesai;descripsi
Lapamo;Sudah Selesai;descripsi
Alatambokon;Menjadi Buruh;descripsi
Ali-ali;Ragu-ragu, Segan;descripsi
Aliling;Kembali;descripsi
Mule;Pulang;descripsi
Alimou, Masala;Gerhana;descripsi
Alimbotu, Libulus, Libubus;Kabut;descripsi
Alep;Lidah;descripsi
Aloaloikene;Disindirkan;descripsi
Aloi;Lewat, Berlalu, Burung Elang;descripsi
Alos, Lui;Tali, Tali Hutan;descripsi
Alu;Delapan;descripsi
Alumbino;Jengger;descripsi
Alus;Halus;descripsi
Aluse;Warisi, Puskakan;descripsi
Am;Sedang;descripsi
Amaat;Pahat;descripsi
Ambala;Abu, Debu;descripsi
Amo, Bamo;Sisa yang ada, Kecuali kalau;descripsi
Amok;Kotoran Berupa Benda;descripsi
Ampal, Mangampal;Bekerja;descripsi
Ampale;Mencarinya;descripsi
Ampakon, Taus;Berjalan, Pergi;descripsi
Ampas;Alas, Hampar;descripsi
Ampir;Mengampiri;descripsi
Ampit;Lipat;descripsi
Anano;Sisik, Sisiknya;descripsi
Anam;Anyam;descripsi
Andan, Ande, Anget;Undag, Ajak, Panggil;descripsi
Lago;Saudara dari Suami/Istri;descripsi
Anggayo;Percaya, Hargai;descripsi
Anggol;Akar;descripsi
Ani, Kokulun;Lebah, Tawon;descripsi
Antang, Antoko;Antar;descripsi
Antok;Daging, Isi;descripsi
Antong;Awan;descripsi
Bunom;Mendung;descripsi
Aok;Bambu;descripsi
Apon, Sool;Udang;descripsi
Asaang;Nafas;descripsi
Asaan, Bilasan;Batu Asah;descripsi
Ase, Ande, Engel, Angat;Bujuk Ajak;descripsi
Asi, Kombung;Kebun;descripsi
Aso, Kalu;Jika, Kalau;descripsi
Aso asokan;Desak Mendesak;descripsi
Asobudoo;Kalau begitu;descripsi
Asok;Kumpul;descripsi
Asu, Danggu;Anjing;descripsi
At;Langkah;descripsi
Ata;Budak;descripsi
Atak;Karat;descripsi
Atalau;Titip;descripsi
Ate;Usus, Hati, Jantug;descripsi
Atean;Dalam (Sungai, Laut);descripsi
Ateno;Hatinya;descripsi
Aul, Aung, Bilat, Poilat;Api;descripsi
Ayok;Cium;descripsi
Ayong;Arang;descripsi
Baaba, Tama;Bapak, Papa, Ayah;descripsi
Baabos, Mangabos;Menyimpan;descripsi
Baabung;Menimbun, Mengumpulkan;descripsi
Baang;Jalan Kaki;descripsi
Baabu, Adu;Mengurut, Urut, Pijat;descripsi
Baaliling;Bertamu;descripsi
Baba;Mulut, Bawah;descripsi
Babano;Mulutnya;descripsi
Babayo;Bawahlah;descripsi
Babayomo;Bawah Saja;descripsi
Babakene;Bawakan;descripsi
Babang;Bawang;descripsi
Babangi, Bobongi;Harum, Wangi;descripsi
Babanal, Banal;Berselonjor, Duduk Berselonjor;descripsi
Babaabu Soodu, Baabuan;Pengantin Baru, Mempelai;descripsi
Babalat, Babarat;Berat;descripsi
Babalato;Sudah Berat;descripsi
Binabalat;Diberati;descripsi
Babasal;Besar;descripsi
Binabasal;Dibesarkan;descripsi
Babasalo;Sudah Besar;descripsi
Babibian;Bergurau, Percintaan;descripsi
Babingkat;Mengangkat;descripsi
Babingkaton;Menaruh, Letakkan;descripsi
Babisala, Basilingan,;Berbicara, Berkata;descripsi
Babo, Kombiang, Salipoot;Kamar Tidur;descripsi
Babok, Umpas;Pukul, Hantam, Tampar;descripsi
Babooan, Peepende;Dangkal;descripsi
Babose, Bose;Mendayung, Dayung;descripsi
Babudul;Berbohong;descripsi
Babuani;Menjala Ikan;descripsi
Babuku;Kuat;descripsi
Babukuan;Tempat Tulang;descripsi
Babui;Babi;descripsi
Babulaa;Sedang Buat Apa;descripsi
Babusoi;Mencuci, Membasuh;descripsi
Bada;Bedak;descripsi
Badaang, daradak;Banyak;descripsi
Badagai;Waspada;descripsi
Teemanggene, Bajagai;Berjaga jaga;descripsi
Baduas;Ikan Layar;descripsi
Badung;Pacul, Pukul Sagu;descripsi
Badunggal;Celaka, Mati;descripsi
Badunggalan;Tempat Celakaa atau waktu Kematian;descripsi
Bagalaal, Galal;Berbincang, Bincang;descripsi
Bagau;Merajuk;descripsi
Baginsaa;Bangsawan;descripsi
Bai;Tapi;descripsi
Bajan, Dili;Tubuh, Badan;descripsi
Bajene;Wuduh;descripsi
Bakai Kokondong;Berdiri Berulang ulang;descripsi
Bakalinga;Kanan;descripsi
Bobo;Kiri;descripsi
Bakakanggi;Berpegangan;descripsi
Bakeda, Bakeduk, Pote;Bersetubuh;descripsi
Bakidung;Bernyanyi;descripsi
Bakilakit;Minta Menumpang;descripsi
Bakilakom;Terpendam Dihati;descripsi
Bakitulung, Bakimaasi, Mangkabi tulung;Minta Tolong;descripsi
Bakisosok, Bakoisok;Menyimpa, Bersiap, Merapikan;descripsi
Bakokoa;Bertudung, Tutup Kepala;descripsi
Bakoko, Bakko, Bolung;Parang, Golok;descripsi
Bakokondong;Mendirikan;descripsi
Bakulibang;Membuat Kopra;descripsi
Baku;Ubi;descripsi
Bakuda;Menumbuk;descripsi
Balalau, Ballau;Telanjang;descripsi
Ballau bendang;Telanjang Bulat;descripsi
Balangkai, Balangkai;Lebih Baik;descripsi
Balangkai, Balangkai;Gelang;descripsi
Balainsunsung;Berurutan;descripsi
Balatindak;Main Langkah (Sejenis Pencak silat);descripsi
Balayon;Tikar;descripsi
Baleel;Berbanjar;descripsi
Baledut;Bergeser Tempat dengan Pantat;descripsi
Bali;Lawan;descripsi
Balibang;Berpesta;descripsi
Balik;Berubah, Luntur;descripsi
Balimang;Bekerja;descripsi
Balipapak;Bergeletar;descripsi
Balongka;Montimun, Ketimun;descripsi
Balu-balu;Pasukan Perang, Tentara Kerajaan;descripsi
Balu;Janda, Duda yang ditinggal mati;descripsi
Baluk, Palele, Bangkit;Jual, Jaja;descripsi
Mabalukon;Menjual;descripsi
Binalukon;Dijual;descripsi
Balun;Kain Kafan;descripsi
Bameengan;Satu Kesatuan;descripsi
Bameenggon;Bersama sama;descripsi
Bamo, Amo;Hanya, Sisa;descripsi
Bambombonoi;Mencari Tali Hutan;descripsi
Bana;Paha;descripsi
Banang;Benang;descripsi
Banda;Capek Otot;descripsi
Bandaon;Kecapean, Kelelahan;descripsi
Bandabe;Mencari, Memungut;descripsi
Bandangas;Makan Buah Terlalu Berlebihan;descripsi
Bandaingdulung;Berhujan hujanan, Kehujanan;descripsi
Bande, Balan, Bolon, Balenede;Monyet, Kera;descripsi
Bandoloi;Berpacaran;descripsi
Bangail;Jambang, Brewok;descripsi
Bangkak, Bobongan;Bengkak;descripsi
Bangkapi, Banggapi, Miyan;Orang;descripsi
Bangkulu, Bangkurung;Ulat Kaki Seribu;descripsi
Bangun;Bangun;descripsi
Banggait, Banggaitan;Perhitungan;descripsi
Banggamaina;Sampai Besok;descripsi
BanggaMooloyo;Sampai Siang;descripsi
ManggaModoa, BanggaMonunuan;Sampai Pagi;descripsi
Banggal;Berhenti, Sudah;descripsi
Banggalo;Sudah Saja, Berhenti Saja;descripsi
Banggaal, Babanggaal;Puji Diri, Sombong;descripsi
Banggolinggong, Baumbanggon;Berbaring;descripsi
Banika;Kawin, Menikah;descripsi
Banoa;Sakit hati, Makan Hati, Patah Hati;descripsi
Banjela;Jendela;descripsi
Bantala, Babantala, Pandoku, Poloon;Malas, Kurang nyaman;descripsi
Bantang;Rentang;descripsi
Bantanggene;Rentangkanlah;descripsi
Bantil;Bilang;descripsi
Bisala;Bicara;descripsi
Silingan;Bahasa;descripsi
Salita;Cerita;descripsi
Bantilano;Bicaranya, Perkataannya;descripsi
Baontokii;Berisi, Mengisi;descripsi
Baobos;Berbagi;descripsi
Bapeneus;Tukar Pakaian;descripsi
Bapilogot;Kerasukan;descripsi
Basalean, Natal;Halaman Rumah, Depan Rumah;descripsi
Bawuloian, Moinsale;Bermusyawarah;descripsi
Basamaya;Berhutang;descripsi
Basedu, Balegeleges;Bercanda, Bergurau;descripsi
Baseleon, Seeleon;Marantau, Rantau;descripsi
Babasilingan;Bicara-bicara;descripsi
Basindua;Bercinta, Berpacaran;descripsi
Basiok;Sarapan;descripsi
Basunsung, Sunsung;Menyendiri, Sendiri;descripsi
Basusup;Merokok;descripsi
Batta, Sikala;Ubi Jalar;descripsi
Bata;Belah;descripsi
Bataken;Belahlah;descripsi
Batakenemo;Belahkan Saja;descripsi
Bata-bata;Ragu-ragu, Segan;descripsi
Batang;Pohon, Batang;descripsi
Batango;Batangnya, Pohonnya;descripsi
Batekon;Naik, Melompat;descripsi
Batetekon;Sakit Mata;descripsi
Bateteba;Berpesan;descripsi
Batong;Menabuh Gendang;descripsi
Batotobo;Berkemas;descripsi
Batu;Batu;descripsi
Bauntal, Balu;Janda, Duda;descripsi
Bauntum;Menabung;descripsi
Bawuba;Badukung, Bagendong;descripsi
Yinuba;Didukung, Digendong;descripsi
Monguba;Mendukung, Menggendong;descripsi
Bawililu;Memancing;descripsi
Babaangi;Rakyat;descripsi
Beau;Kemaluan;descripsi
Beaum;Kemiri;descripsi
Beaas;Hambur, Pancar;descripsi
Bineaas;Dihambur, Dipencar;descripsi
Tabeaas;Terhambur;descripsi
Bebang;Biawak;descripsi
Bebato;Para Pejabat, Penguasa;descripsi
Bebe;Marah-marah;descripsi
Bebean;Selalu bicara Kasar;descripsi
Bebek;Itik;descripsi
Bebel;Bengkok kebawah;descripsi
Bebelo;Pinggiran Teluk;descripsi
Bebelak;Lebar;descripsi
Bebalai;Luas;descripsi
Bebelai;Ikan Pari;descripsi
Bee;Beri, Kasih;descripsi
Belebuse;Curahlah;descripsi
Beli-belian;Gembira;descripsi
Mbesi-mbesi;Senang;descripsi
Benelung;Menebal;descripsi
Benga;Terbang;descripsi
Benge;Pundak, Bahu;descripsi
Bengket;Berturut turut;descripsi
Bontol;Putus;descripsi
Betek;Belalang;descripsi
Betekene;Perintah, Suruh;descripsi
Beu;Tak Mau;descripsi
Bibiane;Sindir, Gurau;descripsi
Bibii;Senyum;descripsi
Bibil;Pinggir;descripsi
Biiti;Cubit;descripsi
Bilat;Api;descripsi
Bilit;Pantat, Bawah;descripsi
Bilita;Kabar, Berita;descripsi
Binanakon;Sama, Serupa;descripsi
Binanggakan;Dipuji puji, Dieluk eluk;descripsi
Binduk;Bagi, Penggal Kecil;descripsi
Binggi;Pinngir;descripsi
Binsil;Pecahan;descripsi
Boos;Pukul;descripsi
Bose;Dayung;descripsi
Bingkat;Angkat, Pinjaman;descripsi
Bingkatan;Landasan Perahu;descripsi
Bingkakon;Letakkan;descripsi
Bindana;Ular;descripsi
Biok;Gerak;descripsi
Biol;Pindah;descripsi
Bisa;Boleh;descripsi
Bisamo;Sudah Benar;descripsi
Bisano;Racunnya, Saktinya;descripsi
Bisso;Anai-anai;descripsi
Bitis;Betis;descripsi
Bitu;Kubur, Nisan;descripsi
Bituon;Bulan;descripsi
Bituon masala;Gerhana Bulan;descripsi
Biyai;Puas;descripsi
Biyaiyo;Beri jalan, Berlalu;descripsi
Boowan;Bau, Busuk;descripsi
Boonowan;Berbau Harum;descripsi
Baalu;Baru;descripsi
Bobo;Kiri;descripsi
Mboyok;Depan, Haluan;descripsi
Tongkuluk;Belakang;descripsi
Boboloki;Nenek-nenek;descripsi
Bobokii;Pukul, hantam;descripsi
Bobolon;Gendang Besar/ Beduk;descripsi
Beese;Hantamlah;descripsi
Bobosul;Kenyang;descripsi
Bobogil;Harum, Wangi;descripsi
Boloa;Panu, Kurap;descripsi
Boboi;Ikatan;descripsi
Bobone;Kuat;descripsi
Bobonua;Rumah-Rumah;descripsi
bobonongko;Membungkuk;descripsi
Boboool;Subur;descripsi
Bobindukon;Jambu Air;descripsi
Bobuluk;Jahat;descripsi
Bobunteang;Gendut, Buncit;descripsi
Bobunsak;Lebat;descripsi
Babuntongi;Gemuk;descripsi
Bobuu;Bengkak;descripsi
Boit;Angkat Kening;descripsi
Boine;Perempuan;descripsi
Bokawu;Pohon Beringin;descripsi
Babasal;Besar;descripsi
Bokum;Kental;descripsi
Bokukum;Baju;descripsi
Bokinde;Jagung;descripsi
Bokiki;Kadas;descripsi
Bokitul;Tumpul;descripsi
Bokol;Ombak;descripsi
Bolilii;Ubah, Ganti;descripsi
Bolikon;Bukan;descripsi
Bolit;Ikatan;descripsi
Bolosi;Sahut;descripsi
Bolok;Darah Haid;descripsi
Boloki;Istri;descripsi
Bolong;Mandul;descripsi
Bonon;Kera, Monyet;descripsi
Boluki;Telur Busuk;descripsi
Bolung;Perang;descripsi
Bondolong;Tebal;descripsi
Bondo;Lenyap;descripsi
Bone;Pasir;descripsi
Bong;Bongkok;descripsi
Bongkolon;Tertindih, Tertimpah;descripsi
Bongkung;Bungkuk;descripsi
Bongkot;Dahi;descripsi
Bongol;Tuli;descripsi
Bonggon;Rotan;descripsi
Bonua;Rumah;descripsi
Booli;Buang;descripsi
Boolu;Baru;descripsi
Boto;Judi;descripsi
Botokon;Lengan;descripsi
Boulon;Kuah Sayur;descripsi
Buayakis;Jambu Mente;descripsi
Buang;Lubang;descripsi
Buani;Jala;descripsi
Buas;Redah, Berhenti;descripsi
Buasasak;Hujan Panas, Gerimis;descripsi
Buat;Harta;descripsi
Buate;angkat;descripsi
Bubukon;Berbubuk;descripsi
Bubung;Sumur;descripsi
Bubut;Buta;descripsi
Bubuti;Berkembang Biak;descripsi
Bubuul;Berjalan-jalan;descripsi
Budo;Begitu;descripsi
Budodoiya;Tadi;descripsi
Budul;Bohong;descripsi
Buk;Rambut;descripsi
Bukaka;Kupu-Kupu;descripsi
Bukal;Mendidih;descripsi
Bukkon;Bertandah Pecah, Retak;descripsi
Bukoti;Tikus;descripsi
Buku;Tulang;descripsi
Bukuan;Kuat;descripsi
Bul;Asap;descripsi
Bulaii;Tolong, Bantu;descripsi
Bulaa;Berapa;descripsi
Bulamo;Bagaimana;descripsi
Bulak;Berbunga;descripsi
Bulandokon;Kenapa, Mengapa;descripsi
Bulalongo;Hutan Belantara;descripsi
Bulung;Rumput, Leher;descripsi
Bulusan;Panjang;descripsi
Bulus;Mengalir;descripsi
Buluson;Tertimpa Aliran;descripsi
Buluon;Berbulu-bulu;descripsi
Bundai;Terlepas;descripsi
Bundu;Ujung;descripsi
Buung;Pecakan;descripsi
Bunga;Kembang;descripsi
Bungkuk;Atas;descripsi
Bungko;Gunung;descripsi
Bungkang;Ketang, Kepiting;descripsi
Bungkaing;Jamur;descripsi
Bungkut;Punggung;descripsi
Bunom;Awan;descripsi
Bunoi;Seperti;descripsi
Busak;Gemetar;descripsi
Busuk;Buka, Kembangkan;descripsi
Buta;Tanah;descripsi
Buunia;Begini;descripsi
Buunoko;Begitu;descripsi
Buungi;Belah, Tetas;descripsi
Buut;Lubang;descripsi
Buukon;Berbubuk;descripsi
Bunsang;Tanam, Tancap;descripsi
Buntoyong;Hamil;descripsi
Buyuk-buyuk;Nyamuk Kecil;descripsi
Daa;Sejak;descripsi
Daano;Ada;descripsi
Dadakang;Kebesaran (Bentuknya);descripsi
Dadan;Merembesi (Sifat Asli);descripsi
Delep;Jilat;descripsi
Dam;Sedang;descripsi
Dampas;Lari;descripsi
Dampasan;Tempat/Waktu Lari;descripsi
Damut;Kacau Balau;descripsi
Dampun;Pakaian Bayi;descripsi
Domba;Disana;descripsi
Dimba;Disini;descripsi
Doimbaa;Disitu;descripsi
Dangkil;Kambing jantan;descripsi
Danggon;Masih Ada;descripsi
Danggu;Punyaku;descripsi
Danggul Asu;Anjing;descripsi
Danggul Babui;Babi;descripsi
Dapit;Jepit;descripsi
Dapito;Sudah Lumpuh;descripsi
Dapul;Dapur;descripsi
Daradak;Banyak Sekali;descripsi
Dasal;Tikar;descripsi
Daunggene;Ikutkan;descripsi
Dedeng;Luka;descripsi
Dengas;Sumbing;descripsi
Deli;Gembira;descripsi
Delepio;Jilati;descripsi
Depel;Wasir, Ambeyen;descripsi
Diala;Peti Mati;descripsi
Doi;Di;descripsi
Didip;Kilat;descripsi
Dikat;Labu;descripsi
Dili;Diri;descripsi
Dilindo;Badannya, Dirinya;descripsi
Dilep;Mengkilat;descripsi
Dinaanokon;Diadakan;descripsi
Dinoodokon;Dijarangkan;descripsi
Dinuup;Dihisap;descripsi
Do, Nia;Ini, Itu;descripsi
Dadate;Enggan;descripsi
Dodi;Sinting, Gila;descripsi
Dodomi;Ari-ari;descripsi
Doi;Duit, Uang;descripsi
DoiBundu;Dibelakang;descripsi
Doitumbe;Diawal;descripsi
Doiyamo;Sudah Itu;descripsi
Doiyaa;Kemana;descripsi
Dompot;Lolos;descripsi
Dongo, Dongol;Duduk Terdiam;descripsi
Donggon;Menjauh Dahulu;descripsi
Dogkang;Kebodohan;descripsi
Donga;Ambil;descripsi
Donga;Bodoh;descripsi
Dongkitan;Jangkit;descripsi
Dopi;Papan;descripsi
Dopol;Menghalangi;descripsi
Doso;Pantang;descripsi
Dosumai;Kemari;descripsi
Dowa;Pagi;descripsi
Du;Hingga, Terus, Lalu;descripsi
Duampakon;Lalu Pergi;descripsi
Duokon;Dorong;descripsi
Dudimba;Hingga Disini;descripsi
Dudumbala;Terus Kesana;descripsi
Duduk;Duduk;descripsi
Dudukan;Tempat/Waktu Duduk;descripsi
Dudus;Muka, Wajah;descripsi
Dumbak;Sampai;descripsi
Dumeas;Sembilu;descripsi
Dun;Pabrik;descripsi
Dungol;Berdiam;descripsi
Dunggul;Susul, Sampai Batas;descripsi
Dul;Menolak dari dalam;descripsi
Dulang;Dulang, baki;descripsi
Duokan, Duwolkon;Tolak, Dorong;descripsi
Ea ea;Pikun;descripsi
Eaan;Segan;descripsi
Ebese;Bagi;descripsi
Ededengel;Menengadah;descripsi
Ee;Larut, Mencair;descripsi
Eenai;Tunggu;descripsi
eese;Perhatikan;descripsi
Eegeegelo;Congkak, Sombong;descripsi
Ekeete;Persambungkan;descripsi
Ekelebus;Tuangkan;descripsi
Ekemelayo;Merekanlah;descripsi
Elengele;Jelas;descripsi
Memel;Dingin;descripsi
Elembani;Hilangkan;descripsi
Eketese;Perjelas;descripsi
Eleiyo;Lewati;descripsi
Empele;Tambalkan;descripsi
Enayo;Jagalah;descripsi
Endeenge;Tumpangkan;descripsi
Engel;Ajak;descripsi
Enenge;Ketagihan;descripsi
Enget;Merengek;descripsi
Esa;Waktu Sholat Isya;descripsi
Eseenen;Hari Senin;descripsi
Eseketio;Percepatlah;descripsi
Eteenge;Tenangkanlah, Tetapkanlah;descripsi
Etetenge;Kumpulkan;descripsi
Epepeyo;Halangilah;descripsi
Gabus;Gabus;descripsi
Gade;Gadai;descripsi
Gagaai;Gugat, Bantah;descripsi
Galagode;Menggodai;descripsi
Galagapan;Kebingungan;descripsi
Galal;Bincang;descripsi
Gamut;Kalangkabut;descripsi
Gandang;Gendang;descripsi
Gawu;Kalakuan;descripsi
Gili-giling;Putar-putar;descripsi
Gong;Gong;descripsi
Gogang;Gombal, Rayu;descripsi
Gogowan;Perkebunan;descripsi
Goloi;Campur;descripsi
Got;Parit, Saluran Air;descripsi
Gula, Mamisan;Gula;descripsi
Guruk;Guntur;descripsi
Ia iamo;Mana-mana;descripsi
Ianu;Si Anu;descripsi
Layon;Tanaman;descripsi
Iaku;Saya;descripsi
Iana;Dia;descripsi
Ianila;Mereka;descripsi
I Kami;Kami;descripsi
I Komuyu;Kamu;descripsi
Igama;Agama;descripsi
Ilei;Pilih;descripsi
Ilul;Ludah, Liur;descripsi
Iman;Iman;descripsi
Impit;Melekat;descripsi
Inak;Lemak;descripsi
Inala;Diambil;descripsi
Inai;Jangan;descripsi
Inaison;Dibuang;descripsi
Inda;Ayo;descripsi
Indaa;Disana;descripsi
Indee;Siapa;descripsi
Ingat;Ingat;descripsi
Inutubu;Dipelihara;descripsi
Inokoot;Diikat;descripsi
Inosulu;Diusir;descripsi
Inum;Minnum;descripsi
Isilam;Islam;descripsi
Iyayong;Hewan Pelihara;descripsi
Iyos;Resah, Gelisah;descripsi
Jago;Jago;descripsi
jajian;Kejadian;descripsi
Jambatan;Jembatan;descripsi
Jandi;Janji;descripsi
Jamaan;Cantik;descripsi
Jodo;Jodoh;descripsi
Jonga;Rusah;descripsi
Jogug;Perdana Menteri Kerajaan Banggai;descripsi
Jou;Guru, Guru Mengaji;descripsi
Kaan;Makan;descripsi
Kaanan, kakaanan;Makanan;descripsi
Kaasa;Kaya Raya;descripsi
Kaasiasi;Fakir Miskin;descripsi
Kabai, Kubai;Buat, Bikin;descripsi
Kabal;Kebal;descripsi
Kabi, Tago;Hampir, Nyaris, Minta;descripsi
Dodi;Gila;descripsi
Kabus, Malaus;Habis, Halus;descripsi
Kabuut, Kadut;Layar;descripsi
Kadal;Kadal;descripsi
Kakadukon, Kadu-kadukon;Paru-Paru;descripsi
Kadempeng, Mange;Ompong;descripsi
Kakat, Kokotii;Gigit;descripsi
Kakal;Antusias, Bersemangat, Cakar, Keras;descripsi
Kakadak;Jerih Payah, Kerja Keras;descripsi
Kakabai, Kokubai;Perbuatan;descripsi
Kakabaino;Meskipun;descripsi
Kakabaikono;Telah Seperti;descripsi
Kakalakon;Pura-pura Kalah;descripsi
Kakalapus;Menghilang Jejak;descripsi
Karambau;Kerbau;descripsi
Kalait, Sosiduk;Tombak;descripsi
Kalalatan, Kallatan, Pokallatan;Berbatasan;descripsi
Bokukum;Baju;descripsi
Toik;Sarung, Kain;descripsi
Kalasoi, Bubu;Sero;descripsi
Kalasan;Wasiat;descripsi
Kalaolao;Luntang lantung, Terlantar;descripsi
Kaleengis, Kadengis;Sumbing;descripsi
Kali;Gali;descripsi
Kaliangano;Beragam, Macam Jenis;descripsi
Kalimbombong;Mimisan;descripsi
Kalipa;Sahabat;descripsi
Kalipoopok, Kalipook, Kikiik, kalipokan, Londomi;Gelap;descripsi
Kalisoosok;Cicak;descripsi
Kaloang, Kolong, Kailong;Burung Bangau;descripsi
Kalong;Kalung;descripsi
Kalu;Kalau, Jika, Apabila;descripsi
Kaluangkang;Laba-laba;descripsi
Kalukubon;Kurang Sehat;descripsi
Kalut, Karut, Lorong;Garuk;descripsi
Kamali;Istana, Rumah Adat;descripsi
Kamangian;Kemenyan, Dupa;descripsi
Kamba, Komba;Mandul;descripsi
Kambang;Belang;descripsi
Kambalo;Teguran;descripsi
Kambing;Rewel, Bawel;descripsi
Kambot;Terbakar;descripsi
Kamot;Jepit;descripsi
Kampul;Getah;descripsi
Kamumu;Ungu;descripsi
Kana;Benar;descripsi
Totuukon;Kena;descripsi
Kanao;Enau, Ijuk;descripsi
Kanakene;Pakaikan, Kenakan, Benarkan;descripsi
Kananam, Tamisan;Enak, Gurih, Lezat;descripsi
Kanaan;Manfaat, Kegunaan;descripsi
Kanali;Buah Kenari;descripsi
Beaum;Kemiri;descripsi
Kai;Atau, Lagi;descripsi
Kait;Menyalah;descripsi
Kapalan, Nanasi;Nenas;descripsi
Kaiton;Gantunglah;descripsi
Kapatu;Kirim;descripsi
Kapil;Sayap;descripsi
Kapos;Kapas;descripsi
Kaput;Malam, Gelap;descripsi
Kasayesa, Toik Memela;Kain Merah;descripsi
Kasasalakon;Buat-buatlah Salah;descripsi
Kasbii, Kasubi, Kasibii;Ubi Kayu, Singkong;descripsi
Kasubiang;Pajak;descripsi
Katas;Kesan, Pesan;descripsi
Katasan;Wasiat;descripsi
Katidon, Suwunge, Ugaat;Barangkali, Mungkin Saja;descripsi
Katup;Tampal, Tempel;descripsi
Kaung Kabung, Nggaung gabung, Kabung-kabung;Kapuk;descripsi
Kauloon;Sayur;descripsi
Kaut;Jahit;descripsi
Kaukayung, Kau;Kayu;descripsi
Kaubakilakit, Tampayonit;Benalu;descripsi
Kayap;Melambai;descripsi
Kayol, Otulak, Tutulak;Berenang;descripsi
Kea, Koiya;Itu;descripsi
Keako, Pepelako;Lembah;descripsi
Keas;Kemarau;descripsi
Kedele;Seret;descripsi
Larintene;Tarik;descripsi
Kees;Ekor, Sirip;descripsi
Keete;Ikat;descripsi
Keis, Kirison, Kilison;Teriak, Pekik;descripsi
Kelebus, Kerebus, Toboi, Kundang;Tumpah, Curah, Tuang;descripsi
Kelek;Ketiak;descripsi
Kendeng;Berdiri;descripsi
Kekeledut;Ngesot;descripsi
Kekeauk, Kebuk, Pelek;Ribut, Gaduh, Ramai;descripsi
Kekodua;Mengeluarkan diri;descripsi
Keseiyon;Cinta;descripsi
Ketitisan, Lumbos, Motumos;Keringat, Peluh;descripsi
Kidoon;Sumpah;descripsi
Kibul;Kuburan;descripsi
Kila, Osoan, Sian;Kawin;descripsi
Kila-kila;Seandainya;descripsi
Kilap;Kilat, Petir;descripsi
Kilong;Tarika;descripsi
Kaan;Makan;descripsi
Kingkim;Emosi;descripsi
Kinobian, Popook;Malam Hari;descripsi
Kinolo, Kinoro;Diundang;descripsi
Kinolot, Kinorot;Dipotong, Disembelih;descripsi
Kinondok, Kindondok;Perbaiki, Perbagus;descripsi
Kinotuuli, Leang;Jemur;descripsi
Busoi, Kumosi;Cuci;descripsi
Kiis;Sunyi, Sepi;descripsi
Kiit, Liit;Marah;descripsi
Kitumbu;Pengabdi;descripsi
Kiyap;Tapis, Tamis, Nyiur;descripsi
Kiyoon, Akiyoon;Belum;descripsi
Koan;Puas;descripsi
Kowang;Burung Hantu;descripsi
Kobat;Buai;descripsi
Kobong-kobong;Ubur-ubur;descripsi
Koimbaa;Disitu, Kesitu;descripsi
Koila, Oila;Apa;descripsi
Koiya, Komba, Kea-kai;Itu;descripsi
Koiyan, Noiyan;Kapan;descripsi
Kokila;Kemauan;descripsi
Kokil, Sose, Tatangis;Menangis;descripsi
Kokiseiyon;Cendramata;descripsi
Kokolindol;Melaju, Jalan cepat;descripsi
Kokolondok;Meluncur;descripsi
Kokol;Arus gesek;descripsi
Kokondong;Berdiri;descripsi
Kokot;Pengikat;descripsi
Kokuulon, Ani, Mumulung;Lebah;descripsi
Kokuuti, Modukut;Benci, Jijik;descripsi
Kokundu;Sisir Kutu;descripsi
Kolibang, Kulibang;Kopra;descripsi
Kolis;Cukur;descripsi
Kolua;Rebus;descripsi
Kololon, Kollon;Ribu;descripsi
Kololion;Kelaparan;descripsi
Mongkoloi;Mengeram;descripsi
Kolio;Hidupkan;descripsi
Kombong;Perut;descripsi
Komian, Miyan;Orang;descripsi
Komosi, Kumosio;Cuci;descripsi
Komeng, Yanila;Mereka;descripsi
Komuyu;Kamu;descripsi
Komulaan;Jerami;descripsi
Koo, Ikoo;Engkau;descripsi
Bobosul, Koonoan;Kenyang, Kekenyangan;descripsi
Koot;Utuh;descripsi
Kootiyo;Cicil;descripsi
Kosu, Kulala;Botak;descripsi
Kotis;Robek Sedikit, Cubit Sedikit;descripsi
Kotos;Jelas;descripsi
Kowal;Kawat;descripsi
Kowan;Puas;descripsi
Koowan;Peristiwa;descripsi
Kowatan;Batu Asah;descripsi
Koyol;Kandas;descripsi
Kuate,Kuete, Lomos;Telan, Goyang;descripsi
Kuayang, Alai, Aloi;Burung Elang;descripsi
Kubai, Kabai, Tiase;Buat;descripsi
Kudaan, Tutukan, Tutuan;Lesung;descripsi
Kuda;Tumbuk;descripsi
Kukul;Daki;descripsi
Kukus, Tibolun;Asap;descripsi
Kukut;Rapat;descripsi
Kukuti;Tebak;descripsi
Kukuuton;Cemberut;descripsi
Kulala;Botak;descripsi
Kulaluk;Tembaga;descripsi
Kulang;Kebutuhan;descripsi
Kulimpas;Ampas Kelapa;descripsi
Kulit;Kulit;descripsi
Kulus, Kurus, Budul;Bohong;descripsi
Kumbit, Kimbit;Tawa;descripsi
Kokumbit;Ketawa;descripsi
Kumosi;Cuci;descripsi
Kumosik;Semut;descripsi
Kundang;Tumpah;descripsi
Kundot;Kental;descripsi
Kuni;Kunyit;descripsi
Toiyo;Tahu;descripsi
Kutup, Kudup;Hisap;descripsi
Kutu;Kutu;descripsi
Laan, Panga;Dahan;descripsi
Laang;Cahaya;descripsi
Laal, Malaal;Lapar;descripsi
Laat;Dapat;descripsi
Labi;Sisa;descripsi
Labin;Timang;descripsi
Labot;Temu;descripsi
Labotan;Pasar;descripsi
Labue;Beras;descripsi
Lakato, Akato;Rumpun;descripsi
Lakit;Muat, Naik;descripsi
Lako;Tangkap;descripsi
Lala, Sua, Tosua;Bakar, Terbakar;descripsi
Lalabak;Main, Bermain;descripsi
Lalal, Lukul;Suara, Bunyi;descripsi
Lalawu;Telanjang;descripsi
Lalanto;Terapung;descripsi
Lalong;Dalam, Teluk;descripsi
Lolo;Ikut;descripsi
Lambang, Soopon;Menyelam, Selam, Renang;descripsi
Lambuyung;Aya Hutan;descripsi
Lamas;Teras;descripsi
Lampa;Lewat;descripsi
Lampas;Rebut;descripsi
Lamping;Kesurupan;descripsi
Lampot, Kampit;Lekat, Melekat;descripsi
Lungas;Insang;descripsi
Langkai;Suami;descripsi
Langgong;Kakak;descripsi
Lapa;Suda, Selesai;descripsi
Lapus;Hilang;descripsi
Lausalo, Baseeleon;Merantau;descripsi
Leang;Jemur;descripsi
Lebeke, Lobok;Peluk;descripsi
Lebes;Turun, Keluar;descripsi
Leesak;Terhambur;descripsi
Lekut, Lemat;Lumpuh;descripsi
Lekes;Kupas, Belah;descripsi
Lempak, Liba;Naik, Panjat;descripsi
Lemese, Lomos;Telan;descripsi
Lengele;Dengar, Dengarkan;descripsi
Lengge;Mekar;descripsi
Lengis;Sumbing;descripsi
Leton;Retak;descripsi
Lias;Minggir, Membelok;descripsi
Liat, Osodii;Lepas;descripsi
Libus;Angin Ribut;descripsi
Liis;Mengidam;descripsi
Liit;Marah;descripsi
Liise;Melebihi;descripsi
Lima;Lima, Tangan;descripsi
Limang;Kerja;descripsi
Lisuk;Samping, Rusuk;descripsi
Limulus;Digulung;descripsi
Limpas, Usok;Masuk;descripsi
Linggous;Embun;descripsi
Lipopot;Kunang-kunang;descripsi
Lipu, Papalan;Negeri, Kampung, Tanah Air;descripsi
Lobo;Hutan, Sesuatu;descripsi
Lobok;Peluk;descripsi
Loboson, Odua;Keluar;descripsi
Mopit;Buta;descripsi
Loka;Pisang;descripsi
Lokis, Kulokis;Jahat, Busuk;descripsi
Lokutak;Lumpur;descripsi
Loi;Biasa;descripsi
Lolo;Ikut;descripsi
Laing;Kejar;descripsi
Loloison;Yatim Piatu;descripsi
Lolos, Mololos;Melingkar;descripsi
Loloboti;Sambut;descripsi
Lolondong, Busak;Gemetar;descripsi
Loloon;Jalan;descripsi
Lolotano;Jalan kaki;descripsi
Loluuk;Dulu, Dahulu;descripsi
Luluuli, Ase;Bujuk, Rayu;descripsi
Lomba;Mengalir;descripsi
Lomboi;Tambah;descripsi
Lomut;Lumut, Bulu;descripsi
Longol;Dengar;descripsi
Longas;Bodoh;descripsi
Londa, Lobun, Bubut;Rabun, Buta;descripsi
Londomi, Kalipook;Gelap;descripsi
Lenget;Pikul;descripsi
Londok;Luntur;descripsi
Loon;Daun;descripsi
Looton;Sudah tenang;descripsi
Loonu, Kutika;Zaman;descripsi
Loos;Alas;descripsi
Lopot;Bungkus, Gulung;descripsi
Losi;Utus Asli;descripsi
Loto, Moloto;Patah;descripsi
Loung, Ato;Atap;descripsi
Loyos, Moloyos;Jujur, Lurus;descripsi
Lua;Dua;descripsi
Luanggon, Labuton;Melompat;descripsi
Lubat, Mbungas;Datang, Tiba;descripsi
Lubak, Rubak;Rusak;descripsi
Lubeo, Rubeo;Tabrak;descripsi
Luet, Ruet;Ungkit, Cungkil;descripsi
Luk, Luwok, Luwuk;Teluk;descripsi
Lukul;Bunyi Suara;descripsi
Lulung;Naung, Lindung;descripsi
Lulu;Pajak, Upeti;descripsi
Lulung;Gulung;descripsi
Lumba;Subur;descripsi
Lungkuon;Kalah;descripsi
Ma, Mamaa;Malu;descripsi
Maamis;Manis;descripsi
Maasi;Kasihan;descripsi
Maaling;Mahal;descripsi
Maata;Mentah;descripsi
Mata;Mata;descripsi
Maanus;Hanyut;descripsi
Molisuk, Molusuk;Kurus;descripsi
Madota;Rajin;descripsi
Madangkang, Malakal;Jarang;descripsi
Magae, Pastiu;Bosan;descripsi
Magampapal;Belajar;descripsi
Mai;Mari;descripsi
Mainaa;Besok;descripsi
Maide;Hiasan;descripsi
Makadat;Pakat;descripsi
Makansang;Kencang;descripsi
Makatol;Gatal;descripsi
Malaat;Dapat;descripsi
Malaal;Lapar;descripsi
Malabot;Jemput;descripsi
Malabu;Melantik;descripsi
Malalat;Melarat;descripsi
Malampal;Hijau;descripsi
Maranak;Gemuk;descripsi
Malane;Laki-laki;descripsi
Malangu;Mabuk;descripsi
Malabus, Kabus;Habis;descripsi
Maligoot;Demam;descripsi
Marisa;Rica, Cabai;descripsi
Malumbit;Lama;descripsi
Mamangan;Tajam;descripsi
Mamaa;Malu;descripsi
Mamai;Kunya;descripsi
Mamaalan;Ringan;descripsi
Mampasa;Pecah;descripsi
Mamut, Malambuk;Lapuk, Hancur;descripsi
Manas;Hancur;descripsi
Manda;Lipan;descripsi
Mandemel;Dingin;descripsi
Mangampit;Melipat;descripsi
Mangasau;Makan Sahur;descripsi
Manggustang;Manggis;descripsi
Manggirit;Kotor;descripsi
Mange;Ompong;descripsi
Manipi, Melel;Tipis;descripsi
Manuk;Ayam;descripsi
Mian;Manusia, Orang;descripsi
Mompuul;Memasak;descripsi
Mansau;Mandi;descripsi
Mantaap;Meraba;descripsi
Mantaup;Menimba;descripsi
Mantamis;Merasakan;descripsi
Masakit;Sakit;descripsi
Masangol;Basih;descripsi
Masala;Gerhana;descripsi
Masambuut;Cemberut;descripsi
Masigi;Masjid;descripsi
Mata, Maata;Mentah;descripsi
Matabal;Tawar;descripsi
Matakut;Takut;descripsi
Mate;Mati;descripsi
Tambongan;Gagah, Cantik, Ganteng;descripsi
Mau;Meski, Walau;descripsi
Mayuut;Lamban;descripsi
Mbaa;Ini;descripsi
Mbembel;Berlinang;descripsi
Mbanal;Merayap, Menjalar;descripsi
Mbembenu;Kura-kura;descripsi
Mbees;Meleleh, Mencair;descripsi
Mbeas;Alang-alang;descripsi
Mbesi;Senang, Gembira;descripsi
Mbetak;Basah;descripsi
Mbiul;Air Liur;descripsi
Mbilit;Tahi Mata;descripsi
Mbolosukon;Durian;descripsi
Mbombul;Angin;descripsi
Mbombos, Modoko;Rakus, Tamak;descripsi
Mbongul;Hingus;descripsi
Mboikuk;Curi;descripsi
Mbonoang;Anoa;descripsi
Mbosolo;Liar;descripsi
Manggalau;Bertelur;descripsi
Motongot;Pelit;descripsi
Mbu;Datuk, Kakek, Nenek;descripsi
Mboyok;Haluan;descripsi
Mbeas;Alang-alang;descripsi
Mbua;Subur;descripsi
Mbules;Pucat;descripsi
Mbuol;Mengigau;descripsi
Meas, Pakol;Luka;descripsi
Meeng;Satu;descripsi
Meele;Asam;descripsi
Meleak, Manipi, Melel;Tipis;descripsi
Memel;Dingin;descripsi
Memela;Merah;descripsi
Memelio;Mendambakan;descripsi
Menseang;Menyanyi;descripsi
Menseabul;Halus, Gurih;descripsi
Meseket;Mendesak;descripsi
Meselesek;Petir, Kilat;descripsi
Mindua;Pacar;descripsi
Misik, Lalalo;Suara;descripsi
Motuul;Kering;descripsi
Mo;Yang;descripsi
Modipot;Sempit;descripsi
Modoa;Pagi;descripsi
Mosobit;Cepat;descripsi
Monduok;Dorong;descripsi
Mojojo;Resah;descripsi
Moinsale;Bahasa;descripsi
Mointing, Motikas;Keras;descripsi
Mokias, Mosiak;Robek;descripsi
Mokitos;Jelas;descripsi
Mokorong;Tegang;descripsi
Mokoyos;Serak, Parau;descripsi
Mokorutok;Keruh;descripsi
Mokolikot, Bukuan;Kuat;descripsi
Mok;Mangkuk;descripsi
Mokopul;Hangus;descripsi
Mokupok, Teetek;Jambu;descripsi
Malino;Jernih;descripsi
Malindol;Laju;descripsi
Moli;Semoga;descripsi
Moliyos;Bersih;descripsi
Molinos;Bersih;descripsi
Moloas, Bulusan;Panjang;descripsi
Malisaa, Siloloa;Pamit;descripsi
Mololo;Ikut;descripsi
Molondol;Licin;descripsi
Molongol;Patuh;descripsi
Loolana;Dekat;descripsi
Moloto;Patah;descripsi
Molo;Tidur;descripsi
Molou;Haus;descripsi
Moloyu;Layu;descripsi
Moloyos;Lurus, Jujur;descripsi
Molumba;Subur;descripsi
Molutak;Hancur;descripsi
Moluko;Gadis;descripsi
Boine;Perempuan;descripsi
Mombul;Angin;descripsi
Mompolii, Suuki;Cari;descripsi
Mompul;Memasak;descripsi
Momuruk;Mengamuk;descripsi
Monas;Panas;descripsi
Mondopuli;Berkeluarga;descripsi
Monianan;Menantu;descripsi
Monos;Longsor;descripsi
Monondok;Bagus, Baik, Elok;descripsi
Inum;Minum;descripsi
Obos;Bagi;descripsi
Mongoli;Membeli;descripsi
Oli;Beli;descripsi
ontoki;Isi;descripsi
Monggol;Kuat;descripsi
Sua;Bakar;descripsi
Monsukat;Mengukur;descripsi
Sukat;Ukur;descripsi
Monsung;Melahirkan;descripsi
Moola;Bisa;descripsi
Moolo;Tidur;descripsi
Moono;Penuh;descripsi
Montong;Berhenti;descripsi
Montilean;Jendela;descripsi
Montotiili;Menunggu;descripsi
Mopiit, Lubon;Buta;descripsi
Moopok;Hitam;descripsi
Mosikit;Benci;descripsi
Mosolo;Liar;descripsi
Mosoni;Kuning;descripsi
Mosoo, Babarat;Berat;descripsi
Mosopot;Pahit;descripsi
Mosorot;Rumput, Kotor;descripsi
Motono;Asin;descripsi
Tuong;Jatuh;descripsi
Moute;Putih;descripsi
Moyoo;Masak;descripsi
Muyuk;Lemah;descripsi
Taate, Naandi;Nenek;descripsi
Naal;Goyang;descripsi
Naapa;Sebentar;descripsi
Nai;Jangan;descripsi
Nia;Ini;descripsi
Nandoo;Mana;descripsi
Nanasi;Nenas;descripsi
Nda;Kita;descripsi
Ndemel;Makanan;descripsi
Ndeke;Keladi;descripsi
Ndulus;Seragam;descripsi
Neneeke;Ingat;descripsi
Nggala;Teriak;descripsi
Nggabut;Kacau;descripsi
Nggale;Puji;descripsi
Nggalawu;Telur;descripsi
Nggalung;Timah;descripsi
Ngganggas;Senang;descripsi
Nggamal;Seksi;descripsi
Nggolong;Guling, Baring;descripsi
Nggolias;Pisah;descripsi
Nggung nggum;Genggam;descripsi
Nggulos;Selimut;descripsi
Ngguluk;Guntur;descripsi
Ngoling;Gigi;descripsi
Noa;Hati;descripsi
Nirube;Tabrak;descripsi
Noko;Itu;descripsi
Nom;Enam;descripsi
Noiyan;Kapan;descripsi
Noiyuan;Lusa;descripsi
Nunuton;Cerita;descripsi
Ode;Iya;descripsi
Oak;Pinggang;descripsi
Obos;Bagi;descripsi
Obulus;Turun;descripsi
Obut;Maras;descripsi
Odoon;Jauh;descripsi
Oila;Apa;descripsi
Ojob;Jamur;descripsi
Okoliio;Akali, Bohongi;descripsi
Okoot;Hubungkan;descripsi
Oli;Beli;descripsi
Olinea;Alis, Kening;descripsi
Oloang;Kapak;descripsi
Olungun;Kuku;descripsi
Olumon;Mimpi;descripsi
Ompol;Tambal;descripsi
Oniki;Kelelawar;descripsi
Ongkos;Biaya;descripsi
Onggimal;Penasaran;descripsi
Onsulang;Duduk;descripsi
Onsuun;Junjung;descripsi
Ontokii;Isi;descripsi
Omoi;Asmah;descripsi
Omoang;Bulu Roma;descripsi
Onuus;Cumi-cumi;descripsi
Opuut;Meledak;descripsi
Oosan;Tanda;descripsi
Osoan;Kawin;descripsi
Asobii;Lepas;descripsi
Osuut;Lompat;descripsi
Osulen;Menari;descripsi
Ototong;Kumpul;descripsi
Oyuboiyo;Pelihara;descripsi
Otulak;Renang;descripsi
Otunggul;Nasehat;descripsi
Oyop;Dada;descripsi
Oyok;Empedu;descripsi
Paapa, Tama;Papa, ayah;descripsi
Pagar;Pagar;descripsi
Pailukene;Beritahu;descripsi
Bansang;Ragu;descripsi
Paisu;Air;descripsi
Pau;Anak;descripsi
Pajal;Fajar;descripsi
Pakadak;Capek;descripsi
Pakamumul;Menggerutu;descripsi
Pakanggi;Pemegang Adat;descripsi
Pakaut;Jarum;descripsi
Pake;Pakai;descripsi
Pakol;Luka;descripsi
Pakon;Pergi;descripsi
Pakua;Jambu Air;descripsi
Pakuli;Obat;descripsi
Palapinis;Gerimis;descripsi
Palate;Penawan;descripsi
Palele;Jual;descripsi
Palias;Pencegah;descripsi
Palias;Pamali;descripsi
Palisauk;Berbisik;descripsi
Palingkuk;Kaku;descripsi
Palong;Lempar;descripsi
Palos;Putar;descripsi
Pios;Rubah;descripsi
Palus;Pendek;descripsi
Pamo;Sudah;descripsi
Panga;Cabang;descripsi
Pangaseasea;Pembujuk;descripsi
Pantis;Gusi;descripsi
Pantan;Larang;descripsi
Papai;Pipi;descripsi
Paiil;Kipas;descripsi
Papal;Dampar;descripsi
Paseda;Gelang;descripsi
Pasu;Pojok;descripsi
Patalap;Peniti;descripsi
Patalop;Penutup;descripsi
Patalik;Pengikar;descripsi
Pataal;Pencegah;descripsi
Patalabi;Penyelamat;descripsi
Patauk;Timbah, Gayung;descripsi
Patol;Potong;descripsi
Patoo;Pelampung;descripsi
Palus;Pendek;descripsi
Patuk;Pelit;descripsi
Pau;Anak;descripsi
Dodomi;Ari-ari;descripsi
Peakak;Geli;descripsi
Peepende;Rendah, Pendek, Dangkal;descripsi
Peepeku;Burung Puyuh;descripsi
Peeput;Tahi lalat;descripsi
Peka;Pancing;descripsi
Pekeali;Jagoan;descripsi
Pekeei;Rias, Pakai;descripsi
Peku;Bengkok;descripsi
Pelenggene;Sampaikan;descripsi
Pengite;Pisau;descripsi
Pepedek;Lembek;descripsi
Pedek;Remas;descripsi
Pepelako;Lembah;descripsi
Petak;Lumpur;descripsi
Piada;Olok;descripsi
Pies;Putar;descripsi
Pinotama;Om, Tante;descripsi
Piis;Peras;descripsi
Piit;Pejam;descripsi
Pinaanak;Keponakan;descripsi
Pinga;Kembar;descripsi
Pinggan;Piring;descripsi
Pinotama;Paman;descripsi
Pinotina;Bibi;descripsi
Pintal;Kemarau, Matahari;descripsi
Pintanga;Separuh;descripsi
Pilit;Pulut;descripsi
Pioto;Adik;descripsi
Pipil;Nyamuk;descripsi
Pipiit;Mengantuk;descripsi
Pisok;Buta Mata;descripsi
Pisuu;Fitnah;descripsi
Pitu;Tujuh;descripsi
Pituu;Kepastian;descripsi
Pobilat;Api;descripsi
Poi-poisik;Kecil;descripsi
Poki-poki;Terong;descripsi
Pok;Cekik;descripsi
Pokkana;Sama;descripsi
Polisauk;Berbisik;descripsi
Pololoba;Pendek;descripsi
Polong;Sampai;descripsi
Ponga;Bisu;descripsi
Pansona;Obor;descripsi
Ponoton;Tersumbat;descripsi
Pontina;Betina;descripsi
Poogagai;Bertengkar;descripsi
Poolu;Tungku;descripsi
Pomenggon;Sepakat, Bersatu;descripsi
Popidolon;Lansat;descripsi
Popiisi;Jeruk;descripsi
Pikikon;Pikir;descripsi
Popooko;Malam;descripsi
Dowa;Pagi;descripsi
Popondongoli;Berita;descripsi
Sangkal;Dinding;descripsi
Popot;Sumbat, Halang;descripsi
Popuut;Sanggul;descripsi
Possala;Berselisih;descripsi
Possala;Lalat;descripsi
Posikang;Saku;descripsi
Posiuk;Sendok Makan;descripsi
Posos;Pinang;descripsi
Posos;Pingsan;descripsi
Bulutui;Bambu Kecil;descripsi
Pososung;Bertemu, Berjumpa;descripsi
Potolos;Penebus;descripsi
Pongoli;Pembeli;descripsi
Pottoli;Penjaga;descripsi
Potil;Kelapa;descripsi
Potinggal;Bercerai;descripsi
Sasa;Kucing;descripsi
Pupui;Bersiul;descripsi
Puli;Keluarga;descripsi
Puloson;Ramalan;descripsi
Pulo-Puloso;Jantung;descripsi
Pulut, Ala;Ambil;descripsi
Pupul;Hangus;descripsi
Pupuui;Petik;descripsi
Pupus;Selesai;descripsi
Pusoi;Pusat;descripsi
Puuk;Kentut;descripsi
Puul;Tiup;descripsi
Rame;Ramai;descripsi
Rasung;Racun;descripsi
Rubak;Rombak;descripsi
Ruet;Ungkit, Cungkil;descripsi
Sasol;Bergeser;descripsi
Saasul;Mondar-mandir;descripsi
Biol;Pindah;descripsi
Saake;Meraba;descripsi
Saang;Masak;descripsi
Saapi;Sapi;descripsi
Sasa;Kucing;descripsi
Salabatan;Sahabat;descripsi
Sabol;Pinjam;descripsi
Sabuung;Sabun;descripsi
Damut;Kacau;descripsi
Sadai;Tanya;descripsi
Saiibong;Dukung;descripsi
Sail;Iris;descripsi
Sagu;Sagu;descripsi
Sak;Ragu;descripsi
Sakal;Sekarat;descripsi
Sakakon;Tanam;descripsi
Sakat;Seratus;descripsi
Sake;Bertengkar;descripsi
Sakisaa;Siksa;descripsi
Sakisii;Saksi;descripsi
Sakul;Lempar;descripsi
Salaan;Hadapan;descripsi
Salabai;Banci, Bencong;descripsi
Salaka;Sapu;descripsi
Salaka;Perak;descripsi
Saliduut;Pojok;descripsi
Salita;Cerita;descripsi
Sali;Miring;descripsi
Salual;Celana;descripsi
Saluk;Cukur;descripsi
Salusin;Selusin;descripsi
Sam;Asma;descripsi
Samaya;Hutang;descripsi
Samat;Sumpit;descripsi
Samba-sambat;Kandas, Sangkut;descripsi
Sambaing;Bersin;descripsi
Sambu;Nama;descripsi
Sambumo;Terserah;descripsi
Sambu-sambumo;Sembarang;descripsi
Olonio;Cukup;descripsi
Sampa;Cimpeda;descripsi
Sampe;Gantung;descripsi
Sampoulu;Kerudung;descripsi
Sampu;Singgah;descripsi
Sanal;Gurindam;descripsi
Sanaang;Gembira, Senang;descripsi
Sandung, Sabua;Gubuk;descripsi
Sando;Dukun Beranak;descripsi
Sangkap;Empat;descripsi
Sangkup, Sangol;Tutup;descripsi
Bindana;Ular;descripsi
Sanggaraup;Terbalik;descripsi
Sao;Buah;descripsi
Saput;Seluruh;descripsi
Sapit, Sookon;Sembunyi;descripsi
Sasakan;Terjal;descripsi
Sasakaan;Berlabuh;descripsi
Sasaal;Menyesal;descripsi
Sasap;Sayat;descripsi
Buasasak, Sasak;Gerimis;descripsi
Sasampe;Cukup;descripsi
Saibino;Semua;descripsi
Salaan;Hadap;descripsi
Sasangkil;Gelas;descripsi
Saut;Gosok;descripsi
Sau;Darah;descripsi
Sayi;Mahar;descripsi
Seasa;Kerikil;descripsi
Tumpak;Katak;descripsi
Seledee;Cerdik;descripsi
Seket;Cepat, Selalu;descripsi
Seeka;Usir;descripsi
Seeleon;Rantau;descripsi
Sembeleng;Sebelah;descripsi
Selekan;Cerek;descripsi
Selese;Guntur, Petir;descripsi
Seng, Doi;Uang;descripsi
Seselet;Berpencar;descripsi
Sepa;Tendang;descripsi
Sia;Buru-buru;descripsi
Doi;Di;descripsi
Siak;Robek;descripsi
Sidak;Hidang;descripsi
Sidola;Undang;descripsi
Sidu;Sisir;descripsi
Siinga;Tagi;descripsi
Sikkait;Celana Dalam;descripsi
Sikkala;Ubi Jalar;descripsi
Sikal;Penuh, Padat;descripsi
Sikol;Lingkar;descripsi
Bungkang;Kepiting;descripsi
Silaabo;Anak Tiri, Ibu Tiri, Ayah Tiri;descripsi
Silaka;Celaka;descripsi
Sile;Juling;descripsi
Silel;Melotot;descripsi
Silep;Pandang;descripsi
Silolowa;Pamit;descripsi
Simbat;Bergerak;descripsi
Simbu;Bangun;descripsi
Simbil;Jenggot;descripsi
Simput;Ikat;descripsi
Sabuak;Tebar;descripsi
Sinabuak;Ditebar;descripsi
Sebaeat;Hadiah;descripsi
Sinanga;Goreng;descripsi
Sakul;Lempar;descripsi
Sakakon;Tanam;descripsi
Salaan;Hadapan;descripsi
Siing;Ganggu;descripsi
Singkape;Sergap;descripsi
Singkolung;Kebas, Keram;descripsi
Singkut;Bantu;descripsi
Singkil;Sentuh;descripsi
Singgat;Serentak;descripsi
Simbu;Bangun;descripsi
Siniton;Dihisap;descripsi
Bolii;Ganti;descripsi
Sinolon;Sesajen;descripsi
Suuki;Cari;descripsi
Sukat;Ukur;descripsi
Sunat;Sunat;descripsi
Sintubo;Kehidupan;descripsi
Tubo;Hidup;descripsi
Sintak;Tarik dengan Cepat;descripsi
Sio;Kecuali;descripsi
Sio;Sembilan;descripsi
Siongolingo;Tepi Pantai;descripsi
Sion;Kasihan;descripsi
Siokai;Jika;descripsi
Sipat;Sifat, Perilaku;descripsi
Sisil;Menepi;descripsi
Sipot;Musibah;descripsi
Sisidol;Canggung;descripsi
Sisil;Keliling;descripsi
Sit;Sperma;descripsi
Siukon;Muda;descripsi
Siya;Keburu;descripsi
Soan Tanga;Ruang Tengah;descripsi
Soaan;Lantai;descripsi
Soano;Pasangannya;descripsi
Soboli;Ganti;descripsi
Sobonunuan;Semalaman;descripsi
Sobinduk;Secuil;descripsi
Sogang;Siri;descripsi
Sogang Bukono;Jerawat;descripsi
Sogot;Ikat Ketat;descripsi
Soi;Jahe;descripsi
Soisik;Sedikit;descripsi
Soisobit, Naapa;Sebentar;descripsi
Soisolot;Cincin;descripsi
Sok;Menahan;descripsi
Soe;Sial;descripsi
Sokoii;Angin Ribut;descripsi
Sokoot;Seikat;descripsi
Sol;Udang;descripsi
Solitan;Tulisab;descripsi
Solit;Tergores, Belang;descripsi
Solinsau, Linggous;Embun;descripsi
Solii;Campur;descripsi
Soloiba, Daok;Saudara Ipar;descripsi
Sololon;Seribu;descripsi
Solo;Korek Api;descripsi
Bokol;Ombak;descripsi
Solonsong;Gelombang;descripsi
Solunsung;Bertepatan;descripsi
Som;Selimut;descripsi
Somba;Menyembah, Tunduk;descripsi
Sompo;Berlindung, Bernaung;descripsi
Somponggon;Dihalangi, Terhalang;descripsi
Song;Hidung;descripsi
Songkot, Sompoyon;Batuk;descripsi
Sool;Karam, Tenggelam;descripsi
Sooman, Boan;Bau, Busuk;descripsi
Soodo, Boolu;Baru;descripsi
Sookon, Sapit;Sembunyi;descripsi
Soopon;Selam;descripsi
Soowan;Laju, Cepat;descripsi
Songko;Kopia, Peci;descripsi
Songkoron, Bubut;Buta, Rabun;descripsi
Songulo;Sepuluh;descripsi
Songulo Meeng;Sebelas;descripsi
Songulo Lua;Dua Belas;descripsi
Songulo Tolu;Tiga Belas;descripsi
Songulo Sangkap;Empat Belas;descripsi
Songulo Lima;Lima Belas;descripsi
Songulo Nom;Enam Belas;descripsi
Sangulo Pitu;Tujuh Belas;descripsi
Songulo Alu;Delapan Belas;descripsi
Songulo Sio;Sembilan Belas;descripsi
Lua Korono;Dua Puluh;descripsi
Soni;Kuning;descripsi
Sontok;Sedikit, Setetes;descripsi
Kokiil;Menangis;descripsi
Tempaisu;Kencing;descripsi
Sosibandung;Cenderung, Candung;descripsi
Sosiduk;Tombak;descripsi
Sosimbu;Terbangun;descripsi
Sop;Berteduh;descripsi
Sopi;Tobat;descripsi
sopii;Bertunas;descripsi
Sopok;Celup, Benam;descripsi
Sopoyon;Batuk;descripsi
Sosuk;Tampung;descripsi
Totungkeleng;Jongkok;descripsi
Sosuul;Gasim;descripsi
Sosuung;Temu;descripsi
Tesung;Terlahir;descripsi
Sosumpok;Tiba-tiba;descripsi
Sot;Ikat;descripsi
Sou Solut;Cincin;descripsi
sowaan;Lantai;descripsi
Suak;capek;descripsi
Sualapen;Munafik;descripsi
Sua;Bakar;descripsi
Pandoli;Linggis;descripsi
Suano;Agar, Supaya;descripsi
Suba, Somba;Sembah;descripsi
Subot;Muncul;descripsi
Lubat;Datang;descripsi
Sukat;Ukur;descripsi
Sukato;Sekedar;descripsi
Sukal;Kesulitan;descripsi
Sul;Putar;descripsi
Sula;Balik;descripsi
Sulat;Syair, Pantun;descripsi
Sulamak;Rebus;descripsi
Sulok;Duri;descripsi
Sulung;Tanggungjawab;descripsi
Suman;Nasi Jaha, Nasi Bambu, Lemang;descripsi
Sumbai;Cengkok;descripsi
Sumbol;Melotot, Muncul;descripsi
Sumbolio;Suruh, Perintahkan;descripsi
Sumbil;Jenggot, Kumis;descripsi
Sumit;Duri;descripsi
Sunat;Khitan;descripsi
Sung;Mulut;descripsi
Toiyomo;Sudah Tahu;descripsi
Sungkoloyo;Setengah Hari;descripsi
Sungkape;Pergoki;descripsi
Sunsung;Sendirian;descripsi
Subot;Muncul;descripsi
Pakuli;Obat;descripsi
Supet;Bengkok;descripsi
Susu;Susu;descripsi
Susum;Ikan;descripsi
Susuukon;Nakal;descripsi
Susup;Rokok;descripsi
Sut;Lompat;descripsi
Suungi;Tambah;descripsi
Suung;Tambah;descripsi
Suuki;Cari;descripsi
Suweete;Cungkil;descripsi
Suwe-suwele;Sendiri-sendiri;descripsi
Katidon;Mungkin;descripsi
Taabuang;Serangga;descripsi
Taadon;Tadi;descripsi
Taan;Tahan;descripsi
Taate;Nenek;descripsi
Taame;Sambung;descripsi
Taap;Raba, Pegengan Hidup;descripsi
Taba;Tuang, Curah;descripsi
Tabaak;Runtuh;descripsi
Tabangkas;Rugi, Bangkrut;descripsi
Mosiak, Taberek;Robek, Sobek, Koyak;descripsi
Tabas;Potong, Tebas;descripsi
Tawan;Gendong, Tawan;descripsi
Tabasasiak;Tercecer;descripsi
Tosula;Terbalik;descripsi
Lalau;Telanjang;descripsi
Tabo;Muda, Mulai;descripsi
Tadi;Sabung;descripsi
Tadungkalang;Cacing;descripsi
Taduno;Tanjung;descripsi
Kabi;Hampir;descripsi
Taipa;Mangga;descripsi
Tak;Bunyi;descripsi
Takundeng;Anak Anjing;descripsi
Talalais;Hina, Miskin;descripsi
Talap;Kancing;descripsi
Talau;Titipan;descripsi
Talalawu;Telanjang;descripsi
Talapu;Dukun;descripsi
Talidu;Pancuran;descripsi
Talong;Jerat;descripsi
Talop;Tutup;descripsi
Tam, Tame;Sambung;descripsi
Tama;Papa, ayah;descripsi
Tamis;Rasa;descripsi
Tambalang;Danau;descripsi
Tambi;Sumpah;descripsi
Tambo;Upah, Gaji, Sewa;descripsi
Tambong;Wajah;descripsi
Dudus;Muka, Wajah;descripsi
Tambongan;Ganteng, Cantik;descripsi
Tambu;Nenek-nenek;descripsi
Tambun;Timbun;descripsi
Tampidung;Termenung;descripsi
Tampoyok;Pesuruh;descripsi
Tandalo;Pelangi;descripsi
Tandanda;Ridu;descripsi
Tandanda;Tundun Pisang;descripsi
Tando, Dodi;Gila;descripsi
Tangalin;Sembuh, Lepas;descripsi
Tangkul;Pikul;descripsi
Tangaal;Tergoyang;descripsi
Tangalkon;Mengarah;descripsi
Tanga;Tengah;descripsi
Tangala;Terambil;descripsi
Tangabos;Tersimpan;descripsi
Tangampason;Terhamparkan;descripsi
Tangaiyo;Damaikan;descripsi
Tangalibot;Terkilir;descripsi
Tangunan;Bantal;descripsi
Tange;Kejauhan;descripsi
Tangalin;Sembuh, Lepas;descripsi
Tanggal;Terpuji;descripsi
Tano;Tanah;descripsi
Tanom;Tanam;descripsi
Tapak;Tajam;descripsi
Tapak;Jalan;descripsi
Tapapal;Terdampar;descripsi
Tapas;Potong, Tebas;descripsi
Tapaya;Pepaya;descripsi
Tape;Terbang;descripsi
Tapi;Hantam;descripsi
Tapu;Jangkar;descripsi
Tarungku;Penjara;descripsi
Tatapon;Pintu;descripsi
Tatal;Cincang;descripsi
Taus;Pergi;descripsi
Tauwa;Kakek;descripsi
Tawupe;Alami,Rasakan;descripsi
Teali;Jadi;descripsi
Tealian;Waktu/Tempat Kejadian;descripsi
Tebeke;Tusuklah;descripsi
Tinobok;Ditikam;descripsi
Tebeas;Berserakan;descripsi
Tebelaka;Terbuka;descripsi
Teberek;Robek;descripsi
Teenak;Asuh, Jaga;descripsi
Teteek;Jambu;descripsi
Teeni;Rendam;descripsi
Tek;Bunyi;descripsi
Tekelebus;Terbuang;descripsi
Tatanggakon;Nampak;descripsi
Taus;Pergi;descripsi
Telea;Sarang;descripsi
Telem;Meresap;descripsi
Tembeluk;Lumut;descripsi
Tembus;Basah;descripsi
Temeneno;Tuhan, Allah SWT;descripsi
Tempaisu;Kencing;descripsi
Tempus;Berak;descripsi
Teme;Berak;descripsi
Tempono;Zaman;descripsi
Ten;Janjian;descripsi
Tendenge;Mampu;descripsi
Teng;Bunyi;descripsi
Tengekon;Menonjol;descripsi
Tengkul;Ketuk;descripsi
Tepek;Tanda;descripsi
Tepekan;Tangga;descripsi
Tetel;Nasib;descripsi
Teteba;Pesan;descripsi
Tiali;Jadi;descripsi
Tianam;Hamil;descripsi
Tias;Buat;descripsi
Tibolum;Asap;descripsi
Tidol;Keras, Tegar;descripsi
Tigo;Rokok;descripsi
Tiilon;Kapur Sirih;descripsi
Tiili;Tunggu;descripsi
Tobok;Tusuk;descripsi
Tikakon;Banting;descripsi
Tikal;Tikar;descripsi
Tilis;Saring, Tapis;descripsi
Timban;Sahut;descripsi
Timbang;Sekitar;descripsi
Timabangi;hampiri;descripsi
Timbu;Langit;descripsi
Timus;Kecup;descripsi
Timusi;Burung;descripsi
Timuson;Garam;descripsi
Tina;Ibu, Mama;descripsi
Taba;Tuang, Curah;descripsi
Tinaap;Diraba;descripsi
Tindik;Menyalakan;descripsi
Tindo;Gila;descripsi
Tininggal;Cerai;descripsi
Tingkouk;Bisul;descripsi
Tinudak;Injak;descripsi
Tinunei;Ditampung;descripsi
Tinuloi;Ditetes;descripsi
Tobk;Muncul;descripsi
Tobong ;Tempurung;descripsi
Tobos;Dewasa;descripsi
Toboso;Mengerti;descripsi
Tobu;Tebu;descripsi
Tobui;Laut;descripsi
Tobulus;Keguguran;descripsi
Tobunan;Belanga;descripsi
Todal;Sempat;descripsi
Toiyo;Tahu;descripsi
Toipi;Kupas;descripsi
Tokolong;Tertarik;descripsi
Tokoluan;Pelabuhan;descripsi
Tolingai;Telinga;descripsi
Toliing;Menghilang;descripsi
Tolibo;Mendaki;descripsi
Tolimi;Lupa;descripsi
Toloto;Terpatah;descripsi
Tolu;Tiga;descripsi
Toluwo;Teriak;descripsi
Tolutok;Otak;descripsi
Tombuan;Bambu;descripsi
Tooda;Pesan;descripsi
Toon;Janji;descripsi
Tooni;Rendam;descripsi
Toota;Coba;descripsi
Toruwe;Muntah;descripsi
Totibalat;Melintang;descripsi
Totoboi;Tersiram;descripsi
Totobo;Rajin, Kaya;descripsi
Totol;Tegak;descripsi
Totolong;Cacing;descripsi
Totoi;Pangkas;descripsi
Totuku;Tunduk, Ruku;descripsi
Tutungkeleng;Jongkok;descripsi
Totumai;Gelar;descripsi
Totulelang;Tergenang;descripsi
Totulai;Penghinaan;descripsi
Tubo;Hidup;descripsi
Tuas;Pintas;descripsi
Tuban;Air Ketuban;descripsi
Tudang;Injak;descripsi
Tude;Gantung;descripsi
Tudo;Tunjuk;descripsi
Tuk;Terus;descripsi
Tukuk;Patuk;descripsi
Tukon;Dengan, Dan;descripsi
Tula;Teman, Kawan;descripsi
Tulak;Renang;descripsi
Tulo;Bocor;descripsi
Tumbu;Cucu;descripsi
Tundum;Cerita;descripsi
Tune;Tampung;descripsi
Tuong;Jatuh;descripsi
Tupe;Ludah;descripsi
Tutuan;Lesung;descripsi
Tuutu;Raja;descripsi
Ubang;Banting;descripsi
Ubanon;Ubanan;descripsi
Ubanggon;Baring;descripsi
Udan;Hujan;descripsi
Udu;Tunduk;descripsi
Uduli;Maki;descripsi
Ugaat;Barangkali;descripsi
Ukul;Takdir;descripsi
Ulik;Adik;descripsi
Uling;Kemudi;descripsi
Uloy;Ulat;descripsi
Ulu;Kepala;descripsi
Ulung;Kuku;descripsi
Umbas;Hantam;descripsi
Umbos;Keringat;descripsi
Umos;Gelisah;descripsi
Una;Sampah;descripsi
Unga;Manja;descripsi
Unggot;Goyang;descripsi
Unsung;Junjung;descripsi
Upa;Sesal;descripsi
Usaa;Doa;descripsi
Usai;Bebas;descripsi
Usal;Kecewa;descripsi
Usok;Masuk;descripsi
Uwak;Kocok;descripsi
Uwang;Panggil;descripsi
Wenggon;Jalan;descripsi
Wuba;Dukung;descripsi
Wubang;Banting;descripsi
Wuduli;Maki;descripsi
Wumu;Bisul;descripsi
Wuni;Bunyi;descripsi
Wutang;Denda, Sanksi;descripsi
Wutas;Pembatas;descripsi
Yaiyaa;Terserah;descripsi
Yalunggon;Lalu, Segera;descripsi
Yanggene;Segani;descripsi
Yase;Suka, Mau;descripsi
Yinda;Ayo;descripsi
Yinai;Jangan;descripsi
Yinggot;Goyah;descripsi
Yilei;Pilih;descripsi
Yilee;Siapa;descripsi
Yinoon;Kalung;descripsi
Yiyos;Gelisah;descripsi
Yoo;Iya;descripsi
Yoyop;Dada;descripsi
